asset,bar_idx,equity,pnl
AAPL_MOM,0,100000,0
AAPL_MOM,1,100000,-0
AAPL_MOM,2,100000,-0
AAPL_MOM,3,100000,-0
AAPL_MOM,4,100000,0
AAPL_MOM,5,100000,0
AAPL_MOM,6,100000,-0
AAPL_MOM,7,100000,-0
AAPL_MOM,8,100000,-0
AAPL_MOM,9,100000,-0
AAPL_MOM,10,100000,-0
AAPL_MOM,11,100000,-0
AAPL_MOM,12,100000,0
AAPL_MOM,13,100000,-0
AAPL_MOM,14,100000,-0
AAPL_MOM,15,100000,-0
AAPL_MOM,16,100000,0
AAPL_MOM,17,100000,-0
AAPL_MOM,18,100000,-0
AAPL_MOM,19,100000,-0
AAPL_MOM,20,100000,-0
AAPL_MOM,21,100000,0
AAPL_MOM,22,100000,-0
AAPL_MOM,23,100000,0
AAPL_MOM,24,100000,-0
AAPL_MOM,25,100000,0
AAPL_MOM,26,100000,0
AAPL_MOM,27,100000,0
AAPL_MOM,28,100000,0
AAPL_MOM,29,99999.9,-4.39512
AAPL_MOM,30,99990.9,-8.92
AAPL_MOM,31,99985.6,-5.33853
AAPL_MOM,32,99995.1,9.45737
AAPL_MOM,33,99990.1,-4.93616
AAPL_MOM,34,99996.6,6.43662
AAPL_MOM,35,99986.5,-10.0607
AAPL_MOM,36,99968.1,-18.3722
AAPL_MOM,37,99968.9,0.792063
AAPL_MOM,38,99963,0
AAPL_MOM,39,99962.9,5.60346
AAPL_MOM,40,99956.8,-6.10071
AAPL_MOM,41,99949,-0
AAPL_MOM,42,99948.8,4.65454
AAPL_MOM,43,99956,7.16477
AAPL_MOM,44,99961.1,5.14506
AAPL_MOM,45,99955.2,-5.93416
AAPL_MOM,46,99945.2,0
AAPL_MOM,47,99945.1,-11.629
AAPL_MOM,48,99949.4,4.25984
AAPL_MOM,49,99955.9,6.51323
AAPL_MOM,50,99954.9,-0.981016
AAPL_MOM,51,99950.3,-4.64614
AAPL_MOM,52,99952.4,2.11591
AAPL_MOM,53,99938.7,-13.6559
AAPL_MOM,54,99937,-1.66336
AAPL_MOM,55,99938.3,1.25978
AAPL_MOM,56,99937.4,-0.875614
AAPL_MOM,57,99941.9,4.49473
AAPL_MOM,58,99927.8,-0
AAPL_MOM,59,99927.6,10.564
AAPL_MOM,60,99937.3,9.61786
AAPL_MOM,61,99941.2,3.90838
AAPL_MOM,62,99940.3,-0.883875
AAPL_MOM,63,99942.7,2.47009
AAPL_MOM,64,99952.4,9.6217
AAPL_MOM,65,99979.7,27.3782
AAPL_MOM,66,99990.6,10.8231
AAPL_MOM,67,99986.9,-3.69209
AAPL_MOM,68,99980.9,-5.98752
AAPL_MOM,69,99978.4,-2.50697
AAPL_MOM,70,99967,-11.3363
AAPL_MOM,71,99965.7,-1.37018
AAPL_MOM,72,99951.7,-13.9611
AAPL_MOM,73,99937.8,-13.9497
AAPL_MOM,74,99934.9,-0
AAPL_MOM,75,99934.8,3.6911
AAPL_MOM,76,99950.8,16.0252
AAPL_MOM,77,99953.4,2.51419
AAPL_MOM,78,99962.9,9.52128
AAPL_MOM,79,99965.4,2.49804
AAPL_MOM,80,99962.8,-2.61673
AAPL_MOM,81,99960.8,-1.92337
AAPL_MOM,82,99969.5,8.71176
AAPL_MOM,83,99970.1,0.529544
AAPL_MOM,84,99970.3,0.236916
AAPL_MOM,85,99972.2,1.91427
AAPL_MOM,86,99984.9,12.6856
AAPL_MOM,87,99981.1,-3.85838
AAPL_MOM,88,99990.7,9.65211
AAPL_MOM,89,99992.7,2.00604
AAPL_MOM,90,100006,13.0126
AAPL_MOM,91,100014,8.42922
AAPL_MOM,92,100017,2.78645
AAPL_MOM,93,100014,-3.34296
AAPL_MOM,94,100010,-4.089
AAPL_MOM,95,99999.3,-10.1853
AAPL_MOM,96,100018,18.5369
AAPL_MOM,97,100013,-4.47906
AAPL_MOM,98,100015,1.59965
AAPL_MOM,99,100011,-3.63348
AAPL_MOM,100,100006,-5.53772
AAPL_MOM,101,100002,-3.87982
AAPL_MOM,102,100005,2.59642
AAPL_MOM,103,99991.5,-13.0647
AAPL_MOM,104,99989.7,-1.79081
AAPL_MOM,105,99995.2,5.57436
AAPL_MOM,106,99999.9,4.61992
AAPL_MOM,107,100010,10.3701
AAPL_MOM,108,100010,0.0138061
AAPL_MOM,109,100019,8.37746
AAPL_MOM,110,100011,-7.36681
AAPL_MOM,111,100016,5.06724
AAPL_MOM,112,100015,-1.27835
AAPL_MOM,113,100014,-0.626348
AAPL_MOM,114,100010,-4.07713
AAPL_MOM,115,100009,-0.931749
AAPL_MOM,116,100006,-3.3594
AAPL_MOM,117,100005,-0.842618
AAPL_MOM,118,100010,4.74332
AAPL_MOM,119,100008,-2.35169
AAPL_MOM,120,99994.2,0
AAPL_MOM,121,99994.1,0.179174
AAPL_MOM,122,99990.6,-3.46259
AAPL_MOM,123,99987.9,-2.72549
AAPL_MOM,124,99986.6,-0
AAPL_MOM,125,99986.5,-10.0674
AAPL_MOM,126,99976.1,-0
AAPL_MOM,127,99975.9,-2.35622
AAPL_MOM,128,99977.1,1.19399
AAPL_MOM,129,99979,1.86068
AAPL_MOM,130,99976,-2.97433
AAPL_MOM,131,99984.2,8.17834
AAPL_MOM,132,99981.5,-2.72108
AAPL_MOM,133,99983.2,1.7212
AAPL_MOM,134,99985.3,2.1316
AAPL_MOM,135,99978.2,-7.09727
AAPL_MOM,136,99982.2,3.93019
AAPL_MOM,137,99988.5,6.36744
AAPL_MOM,138,99980.3,-8.21259
AAPL_MOM,139,99979,-1.3501
AAPL_MOM,140,99976.4,-2.54359
AAPL_MOM,141,99965.1,0
AAPL_MOM,142,99964.9,-2.34208
AAPL_MOM,143,99976.9,11.9609
AAPL_MOM,144,99975,-1.88245
AAPL_MOM,145,99995.2,20.1633
AAPL_MOM,146,99995,-0.145777
AAPL_MOM,147,99995.2,0.153678
AAPL_MOM,148,100002,6.77861
AAPL_MOM,149,100015,13.3179
AAPL_MOM,150,100021,5.22343
AAPL_MOM,151,100035,14.2043
AAPL_MOM,152,100035,0.0784727
AAPL_MOM,153,100028,-6.8121
AAPL_MOM,154,100025,-2.84928
AAPL_MOM,155,100028,3.07041
AAPL_MOM,156,100039,10.8175
AAPL_MOM,157,100033,-5.90814
AAPL_MOM,158,100034,1.33286
AAPL_MOM,159,100049,14.1554
AAPL_MOM,160,100047,-2.07185
AAPL_MOM,161,100055,8.18728
AAPL_MOM,162,100043,-11.9098
AAPL_MOM,163,100040,-3.22492
AAPL_MOM,164,100025,-15.0743
AAPL_MOM,165,100024,-0.251676
AAPL_MOM,166,100022,-2.52003
AAPL_MOM,167,100026,3.91109
AAPL_MOM,168,100034,8.04044
AAPL_MOM,169,100021,-12.7463
AAPL_MOM,170,100035,13.8364
AAPL_MOM,171,100029,-6.08657
AAPL_MOM,172,100020,-8.60516
AAPL_MOM,173,100019,-1.05821
AAPL_MOM,174,100023,3.84918
AAPL_MOM,175,100026,3.29094
AAPL_MOM,176,100026,-0.65155
AAPL_MOM,177,100024,-1.19059
AAPL_MOM,178,100018,-6.52867
AAPL_MOM,179,100011,-0
AAPL_MOM,180,100010,1.01642
AAPL_MOM,181,100013,2.16666
AAPL_MOM,182,100006,-6.72073
AAPL_MOM,183,100000,-5.37708
AAPL_MOM,184,100011,10.15
AAPL_MOM,185,100022,11.2703
AAPL_MOM,186,100015,-7.1391
AAPL_MOM,187,99996.4,-18.3074
AAPL_MOM,188,99971.1,0
AAPL_MOM,189,99971,3.2522
AAPL_MOM,190,99972,0
AAPL_MOM,191,99971.9,4.65411
AAPL_MOM,192,99973,1.07036
AAPL_MOM,193,99978.9,5.93993
AAPL_MOM,194,99972.7,-6.21927
AAPL_MOM,195,99980.1,7.37795
AAPL_MOM,196,99983.4,3.32909
AAPL_MOM,197,99989.7,6.34031
AAPL_MOM,198,99989.1,-0.614244
AAPL_MOM,199,99978.9,-10.2191
AAPL_MOM,200,99986.7,7.77505
AAPL_MOM,201,99981.9,-4.74814
AAPL_MOM,202,99980.2,-1.69382
AAPL_MOM,203,99990.6,10.3269
AAPL_MOM,204,99987.4,-3.18336
AAPL_MOM,205,99996.9,9.55503
AAPL_MOM,206,99993.8,-3.14964
AAPL_MOM,207,99995.6,1.83255
AAPL_MOM,208,100001,4.95468
AAPL_MOM,209,100001,0.184007
AAPL_MOM,210,100005,4.42562
AAPL_MOM,211,100001,-4.2577
AAPL_MOM,212,100001,0.248812
AAPL_MOM,213,100007,5.84073
AAPL_MOM,214,99997.5,-9.54203
AAPL_MOM,215,99988.2,-9.29071
AAPL_MOM,216,99999.1,10.9021
AAPL_MOM,217,99987.7,-11.4189
AAPL_MOM,218,99980.9,-6.80614
AAPL_MOM,219,99998.4,17.5797
AAPL_MOM,220,100003,4.68537
AAPL_MOM,221,100010,6.62534
AAPL_MOM,222,100017,7.56084
AAPL_MOM,223,99997.9,-19.4027
AAPL_MOM,224,99990.3,-7.56915
AAPL_MOM,225,99981.4,-0
AAPL_MOM,226,99981.3,-0.19194
AAPL_MOM,227,99976.7,-4.59329
AAPL_MOM,228,99968.9,0
AAPL_MOM,229,99968.7,-1.14299
AAPL_MOM,230,99968.1,-0.655231
AAPL_MOM,231,99962.3,-5.77261
AAPL_MOM,232,99972.9,10.5906
AAPL_MOM,233,99969.2,-3.71742
AAPL_MOM,234,99967.2,-0
AAPL_MOM,235,99967.1,4.98172
AAPL_MOM,236,99969.2,2.06495
AAPL_MOM,237,99974.6,5.49091
AAPL_MOM,238,99970.6,-0
AAPL_MOM,239,99970.5,11.2334
AAPL_MOM,240,99975.4,4.95834
AAPL_MOM,241,99978,2.55465
AAPL_MOM,242,99979.4,1.3716
AAPL_MOM,243,99981.3,1.99135
AAPL_MOM,244,99985,3.67367
AAPL_MOM,245,100002,17.2257
AAPL_MOM,246,99988.4,-13.8343
AAPL_MOM,247,99985.4,-3.00334
AAPL_MOM,248,99986.7,1.25305
AAPL_MOM,249,100007,20.5091
AAPL_MOM,250,100004,-2.83346
AAPL_MOM,251,100009,5.0963
AAPL_MOM,252,99999.2,-10.2695
AAPL_MOM,253,99981.1,-18.0366
AAPL_MOM,254,99971.3,-9.82112
AAPL_MOM,255,99967.4,-3.91099
AAPL_MOM,256,99957.8,-9.63385
AAPL_MOM,257,99968.6,10.8731
AAPL_MOM,258,99974,5.39194
AAPL_MOM,259,99974.6,0.543783
AAPL_MOM,260,99968,-6.55929
AAPL_MOM,261,99976.2,8.17966
AAPL_MOM,262,99981.9,5.73092
AAPL_MOM,263,99990.9,8.99669
AAPL_MOM,264,99996.1,5.19294
AAPL_MOM,265,99998.6,2.49807
AAPL_MOM,266,99993.5,-5.12738
AAPL_MOM,267,100004,10.1755
AAPL_MOM,268,99983.7,-19.9562
AAPL_MOM,269,99985.2,1.51662
AAPL_MOM,270,99987.4,2.13219
AAPL_MOM,271,100005,17.8389
AAPL_MOM,272,99996,-9.18845
AAPL_MOM,273,100011,14.833
AAPL_MOM,274,100007,-3.76352
AAPL_MOM,275,100010,2.58191
AAPL_MOM,276,100005,-5.07642
AAPL_MOM,277,99994.1,-10.4601
AAPL_MOM,278,99990.1,-0
AAPL_MOM,279,99990,9.94335
AAPL_MOM,280,99994.3,4.34335
AAPL_MOM,281,100001,7.00109
AAPL_MOM,282,100014,12.1601
AAPL_MOM,283,100017,3.1512
AAPL_MOM,284,100016,-0.505697
AAPL_MOM,285,100015,-1.6019
AAPL_MOM,286,100006,-8.82706
AAPL_MOM,287,100014,8.54375
AAPL_MOM,288,100004,-9.86854
AAPL_MOM,289,100014,9.32038
AAPL_MOM,290,100021,7.27292
AAPL_MOM,291,100024,2.60701
AAPL_MOM,292,100012,-11.5821
AAPL_MOM,293,100018,6.22783
AAPL_MOM,294,100004,-14.4874
AAPL_MOM,295,100012,8.46773
AAPL_MOM,296,100017,4.57133
AAPL_MOM,297,100016,-0.703643
AAPL_MOM,298,100006,-10.2655
AAPL_MOM,299,99993.1,-12.7061
AAPL_MOM,300,99996.2,3.06394
AAPL_MOM,301,99997.3,1.0794
AAPL_MOM,302,99998.3,1.04148
AAPL_MOM,303,99994.6,-3.6926
AAPL_MOM,304,99993,-1.58586
AAPL_MOM,305,99998.4,5.34916
AAPL_MOM,306,99991.8,-6.57709
AAPL_MOM,307,99987,-4.77729
AAPL_MOM,308,99976.8,0
AAPL_MOM,309,99976.7,-1.60648
AAPL_MOM,310,99982.4,5.73789
AAPL_MOM,311,99984.8,2.39709
AAPL_MOM,312,99989,4.21258
AAPL_MOM,313,99981.9,-7.1178
AAPL_MOM,314,99993.8,11.8804
AAPL_MOM,315,99989.7,-4.13031
AAPL_MOM,316,99976.2,-13.4614
AAPL_MOM,317,99983.4,7.16527
AAPL_MOM,318,99972.5,-10.8399
AAPL_MOM,319,99974.7,2.21592
AAPL_MOM,320,99986.3,11.5997
AAPL_MOM,321,99993.2,6.81948
AAPL_MOM,322,99994.3,1.15108
AAPL_MOM,323,99999.7,5.43039
AAPL_MOM,324,99993.9,-5.82626
AAPL_MOM,325,100002,8.17784
AAPL_MOM,326,100005,2.8621
AAPL_MOM,327,100020,14.9611
AAPL_MOM,328,100021,1.43453
AAPL_MOM,329,100014,-7.48827
AAPL_MOM,330,100021,6.85848
AAPL_MOM,331,100008,-12.2338
AAPL_MOM,332,100003,-5.05526
AAPL_MOM,333,100001,-2.86339
AAPL_MOM,334,100002,1.32269
AAPL_MOM,335,100000,-1.49609
AAPL_MOM,336,99991.8,-8.63883
AAPL_MOM,337,99995.3,3.52959
AAPL_MOM,338,100007,11.4417
AAPL_MOM,339,100005,-2.1931
AAPL_MOM,340,99997,-7.56633
AAPL_MOM,341,99986.7,-0
AAPL_MOM,342,99986.6,5.36849
AAPL_MOM,343,99983.8,-0
AAPL_MOM,344,99983.6,6.88157
AAPL_MOM,345,99991.7,8.10061
AAPL_MOM,346,99984.6,-7.15133
AAPL_MOM,347,99968.1,-16.4543
AAPL_MOM,348,99955.3,-0
AAPL_MOM,349,99955.2,-1.54028
AAPL_MOM,350,99933.3,-21.9235
AAPL_MOM,351,99926.2,0
AAPL_MOM,352,99926.1,4.85632
AAPL_MOM,353,99941.9,15.8359
AAPL_MOM,354,99957.6,15.6656
AAPL_MOM,355,99959.5,1.91548
AAPL_MOM,356,99975.7,16.2607
AAPL_MOM,357,99977.3,1.57514
AAPL_MOM,358,99981.1,3.76581
AAPL_MOM,359,99978.2,-2.88607
AAPL_MOM,360,99978.8,0.565427
AAPL_MOM,361,99973.4,-5.39228
AAPL_MOM,362,99979,5.65789
AAPL_MOM,363,99969.4,-9.65987
AAPL_MOM,364,99966.3,-3.09691
AAPL_MOM,365,99961.8,-4.43477
AAPL_MOM,366,99965.8,4.00511
AAPL_MOM,367,99962.2,-3.62783
AAPL_MOM,368,99961.4,-0.845085
AAPL_MOM,369,99963.4,2.0603
AAPL_MOM,370,99982.4,18.951
AAPL_MOM,371,99983.6,1.2171
AAPL_MOM,372,99995.2,11.5823
AAPL_MOM,373,99993.5,-1.71293
AAPL_MOM,374,100013,19.6575
AAPL_MOM,375,100006,-7.22902
AAPL_MOM,376,99995.8,-10.0515
AAPL_MOM,377,99999.5,3.64651
AAPL_MOM,378,100010,10.5807
AAPL_MOM,379,100009,-0.638719
AAPL_MOM,380,100001,-8.5367
AAPL_MOM,381,100004,3.51372
AAPL_MOM,382,100019,14.2254
AAPL_MOM,383,100009,-9.65577
AAPL_MOM,384,100008,-0.980051
AAPL_MOM,385,100011,2.7092
AAPL_MOM,386,100011,0.514407
AAPL_MOM,387,100015,3.38592
AAPL_MOM,388,100017,2.55642
AAPL_MOM,389,100015,-2.64815
AAPL_MOM,390,100016,1.31995
AAPL_MOM,391,100021,5.65674
AAPL_MOM,392,100044,22.1752
AAPL_MOM,393,100041,-2.58178
AAPL_MOM,394,100034,-6.9636
AAPL_MOM,395,100045,10.399
AAPL_MOM,396,100046,1.38199
AAPL_MOM,397,100062,16.0893
AAPL_MOM,398,100046,-16.0234
AAPL_MOM,399,100050,3.68433
AAPL_MOM,400,100041,-8.23704
AAPL_MOM,401,100034,-7.11042
AAPL_MOM,402,100056,21.2583
AAPL_MOM,403,100066,10.5103
AAPL_MOM,404,100069,2.68265
AAPL_MOM,405,100083,14.1294
AAPL_MOM,406,100079,-3.86079
AAPL_MOM,407,100076,-2.61326
AAPL_MOM,408,100070,-6.65193
AAPL_MOM,409,100083,12.9595
AAPL_MOM,410,100084,0.844018
AAPL_MOM,411,100080,-3.69694
AAPL_MOM,412,100073,-6.79163
AAPL_MOM,413,100071,-2.13502
AAPL_MOM,414,100060,-11.4305
AAPL_MOM,415,100063,3.13767
AAPL_MOM,416,100057,-5.65466
AAPL_MOM,417,100071,14.3011
AAPL_MOM,418,100061,-10.2322
AAPL_MOM,419,100076,15.2932
AAPL_MOM,420,100084,7.38207
AAPL_MOM,421,100081,-2.32243
AAPL_MOM,422,100090,8.5305
AAPL_MOM,423,100095,4.86154
AAPL_MOM,424,100097,1.98918
AAPL_MOM,425,100086,-10.7453
AAPL_MOM,426,100074,-11.6473
AAPL_MOM,427,100082,7.76271
AAPL_MOM,428,100076,-6.65744
AAPL_MOM,429,100076,0.584658
AAPL_MOM,430,100080,4.19899
AAPL_MOM,431,100075,-5.62577
AAPL_MOM,432,100081,6.29292
AAPL_MOM,433,100081,-0.388906
AAPL_MOM,434,100069,-0
AAPL_MOM,435,100069,21.6927
AAPL_MOM,436,100060,-8.47408
AAPL_MOM,437,100074,13.8803
AAPL_MOM,438,100090,15.5246
AAPL_MOM,439,100082,-7.13083
AAPL_MOM,440,100069,-13.4744
AAPL_MOM,441,100064,-4.55694
AAPL_MOM,442,100085,20.1693
AAPL_MOM,443,100101,16.0116
AAPL_MOM,444,100098,-2.93976
AAPL_MOM,445,100102,4.0095
AAPL_MOM,446,100112,10.1635
AAPL_MOM,447,100112,0.586754
AAPL_MOM,448,100115,2.16933
AAPL_MOM,449,100110,-4.51532
AAPL_MOM,450,100112,1.59811
AAPL_MOM,451,100105,-7.18569
AAPL_MOM,452,100116,11.769
AAPL_MOM,453,100120,3.25762
AAPL_MOM,454,100128,8.45131
AAPL_MOM,455,100121,-6.71086
AAPL_MOM,456,100138,17.0849
AAPL_MOM,457,100129,-9.19978
AAPL_MOM,458,100131,1.98851
AAPL_MOM,459,100157,25.9079
AAPL_MOM,460,100143,-13.7655
AAPL_MOM,461,100144,0.670324
AAPL_MOM,462,100140,-3.5725
AAPL_MOM,463,100134,-6.36122
AAPL_MOM,464,100135,1.29583
AAPL_MOM,465,100147,11.9327
AAPL_MOM,466,100156,8.54683
AAPL_MOM,467,100147,-8.89349
AAPL_MOM,468,100160,13.4317
AAPL_MOM,469,100146,-14.0692
AAPL_MOM,470,100142,-3.89876
AAPL_MOM,471,100146,3.756
AAPL_MOM,472,100143,-3.0307
AAPL_MOM,473,100142,-1.54331
AAPL_MOM,474,100160,18.7566
AAPL_MOM,475,100167,6.30497
AAPL_MOM,476,100153,-13.7381
AAPL_MOM,477,100159,5.80351
AAPL_MOM,478,100156,-2.21684
AAPL_MOM,479,100155,-1.60549
AAPL_MOM,480,100149,-5.843
AAPL_MOM,481,100131,-17.67
AAPL_MOM,482,100133,1.57539
AAPL_MOM,483,100130,-2.89359
AAPL_MOM,484,100135,5.15902
AAPL_MOM,485,100122,-0
AAPL_MOM,486,100122,0.242419
AAPL_MOM,487,100105,0
AAPL_MOM,488,100104,8.90404
AAPL_MOM,489,100107,2.52061
AAPL_MOM,490,100116,9.1422
AAPL_MOM,491,100114,-2.53622
AAPL_MOM,492,100103,-10.1863
AAPL_MOM,493,100112,8.5298
AAPL_MOM,494,100106,-5.99611
AAPL_MOM,495,100101,-4.49861
AAPL_MOM,496,100097,-4.87704
AAPL_MOM,497,100084,-12.3645
AAPL_MOM,498,100079,0
AAPL_MOM,499,100079,7.14021
AAPL_MOM,500,100078,-0.490944
AAPL_MOM,501,100078,-0.652453
AAPL_MOM,502,100074,-4.07523
AAPL_MOM,503,100084,10.5552
AAPL_MOM,504,100081,-0
AAPL_MOM,505,100081,-9.19714
AAPL_MOM,506,100086,4.87609
AAPL_MOM,507,100083,-3.09303
AAPL_MOM,508,100077,-0
AAPL_MOM,509,100077,14.6791
AAPL_MOM,510,100072,-5.21428
AAPL_MOM,511,100063,-8.72932
AAPL_MOM,512,100064,0.488972
AAPL_MOM,513,100053,-10.9987
AAPL_MOM,514,100057,4.24727
AAPL_MOM,515,100041,-16.2776
AAPL_MOM,516,100050,9.77012
AAPL_MOM,517,100026,-0
AAPL_MOM,518,100026,12.968
AAPL_MOM,519,100036,9.95085
AAPL_MOM,520,100026,-10.2199
AAPL_MOM,521,100035,8.7402
AAPL_MOM,522,100026,-8.54604
AAPL_MOM,523,100021,-0
AAPL_MOM,524,100021,13.4223
AAPL_MOM,525,100020,-0
AAPL_MOM,526,100020,-6.49989
AAPL_MOM,527,100023,3.62936
AAPL_MOM,528,100031,7.85188
AAPL_MOM,529,100034,2.78088
AAPL_MOM,530,100017,-16.8369
AAPL_MOM,531,99999.1,0
AAPL_MOM,532,99998.9,17.0339
AAPL_MOM,533,100007,7.69537
AAPL_MOM,534,100017,10.3149
AAPL_MOM,535,99993.8,-23.0777
AAPL_MOM,536,100012,18.6241
AAPL_MOM,537,100030,17.4997
AAPL_MOM,538,100026,-3.85844
AAPL_MOM,539,100025,-0.791365
AAPL_MOM,540,100004,-21.204
AAPL_MOM,541,100014,10.2802
AAPL_MOM,542,100011,-3.19032
AAPL_MOM,543,100012,0.553079
AAPL_MOM,544,100003,-8.97632
AAPL_MOM,545,99988.2,-14.5565
AAPL_MOM,546,100001,13.0582
AAPL_MOM,547,99998.9,-2.37071
AAPL_MOM,548,100004,4.62589
AAPL_MOM,549,99990.5,-12.9843
AAPL_MOM,550,100008,17.3269
AAPL_MOM,551,100012,4.36938
AAPL_MOM,552,100002,-10.1357
AAPL_MOM,553,100007,5.06704
AAPL_MOM,554,100019,11.8305
AAPL_MOM,555,100011,-7.69467
AAPL_MOM,556,100013,1.88736
AAPL_MOM,557,100022,9.23601
AAPL_MOM,558,100025,2.48307
AAPL_MOM,559,100011,-13.4642
AAPL_MOM,560,100020,8.53427
AAPL_MOM,561,100017,-2.68241
AAPL_MOM,562,99997.2,-0
AAPL_MOM,563,99997,-2.54966
AAPL_MOM,564,100010,13.3753
AAPL_MOM,565,100009,-0.842151
AAPL_MOM,566,100002,-7.55388
AAPL_MOM,567,100016,14.3289
AAPL_MOM,568,100010,-6.7072
AAPL_MOM,569,100008,-2.05001
AAPL_MOM,570,99999.2,-8.36373
AAPL_MOM,571,100007,7.88924
AAPL_MOM,572,99995.3,-11.6921
AAPL_MOM,573,99987,0
AAPL_MOM,574,99986.8,14.5582
AAPL_MOM,575,99993.3,6.53109
AAPL_MOM,576,100001,7.62969
AAPL_MOM,577,100005,4.3251
AAPL_MOM,578,100004,-0.923824
AAPL_MOM,579,100022,17.946
AAPL_MOM,580,100010,-12.1058
AAPL_MOM,581,100017,6.84585
AAPL_MOM,582,100016,-0.90463
AAPL_MOM,583,100006,-10.2103
AAPL_MOM,584,100011,5.08242
AAPL_MOM,585,100013,1.91016
AAPL_MOM,586,100034,20.6061
AAPL_MOM,587,100027,-6.29134
AAPL_MOM,588,100021,-6.3124
AAPL_MOM,589,100030,8.90606
AAPL_MOM,590,100025,-4.97916
AAPL_MOM,591,100031,5.85435
AAPL_MOM,592,100033,2.49219
AAPL_MOM,593,100036,2.91571
AAPL_MOM,594,100053,16.7893
AAPL_MOM,595,100042,-11.0684
AAPL_MOM,596,100030,-11.6301
AAPL_MOM,597,100030,0.0609563
AAPL_MOM,598,100036,6.03531
AAPL_MOM,599,100035,-1.14055
AAPL_MOM,600,100031,-3.79593
AAPL_MOM,601,100050,18.2018
AAPL_MOM,602,100041,-8.52023
AAPL_MOM,603,100024,-16.5894
AAPL_MOM,604,100015,-9.28826
AAPL_MOM,605,100012,-2.71939
AAPL_MOM,606,100019,6.42688
AAPL_MOM,607,100025,5.94687
AAPL_MOM,608,100020,-0
AAPL_MOM,609,100019,-3.11527
AAPL_MOM,610,100039,19.8391
AAPL_MOM,611,100027,-12.4553
AAPL_MOM,612,100028,1.35603
AAPL_MOM,613,100028,-0.27856
AAPL_MOM,614,100036,8.22494
AAPL_MOM,615,100027,-0
AAPL_MOM,616,100027,0.475922
AAPL_MOM,617,100012,0
AAPL_MOM,618,100012,-7.51977
AAPL_MOM,619,100003,-0
AAPL_MOM,620,100003,8.5569
AAPL_MOM,621,99992.8,-10.4464
AAPL_MOM,622,99980.9,0
AAPL_MOM,623,99980.7,-8.10554
AAPL_MOM,624,99971.5,0
AAPL_MOM,625,99971.3,2.35695
AAPL_MOM,626,99963.9,-7.36068
AAPL_MOM,627,99962.1,-1.78062
AAPL_MOM,628,99966.7,4.57941
AAPL_MOM,629,99957.3,-9.38615
AAPL_MOM,630,99960.4,0
AAPL_MOM,631,99960.2,12.2822
AAPL_MOM,632,99964.5,4.36876
AAPL_MOM,633,99955.6,-8.91286
AAPL_MOM,634,99941.8,-13.8835
AAPL_MOM,635,99948.4,6.60583
AAPL_MOM,636,99940.3,-8.02177
AAPL_MOM,637,99933.4,-6.92369
AAPL_MOM,638,99943.7,10.2499
AAPL_MOM,639,99949,5.38302
AAPL_MOM,640,99961.5,12.4389
AAPL_MOM,641,99945.8,-15.7066
AAPL_MOM,642,99942.7,-3.05601
AAPL_MOM,643,99960.4,17.6348
AAPL_MOM,644,99965.6,5.19274
AAPL_MOM,645,99963,-2.53231
AAPL_MOM,646,99982.3,19.2506
AAPL_MOM,647,99996.4,14.1753
AAPL_MOM,648,100026,30.0319
AAPL_MOM,649,100027,0.375854
AAPL_MOM,650,100018,-8.71176
AAPL_MOM,651,100018,-0.14114
AAPL_MOM,652,100021,2.53446
AAPL_MOM,653,100014,-6.87977
AAPL_MOM,654,100031,17.5412
AAPL_MOM,655,100030,-1.19851
AAPL_MOM,656,100027,-2.9075
AAPL_MOM,657,100019,-8.36961
AAPL_MOM,658,100023,4.16059
AAPL_MOM,659,100006,-16.7459
AAPL_MOM,660,100005,-0.687976
AAPL_MOM,661,99988.5,-16.9014
AAPL_MOM,662,99995.4,6.84259
AAPL_MOM,663,100018,22.4286
AAPL_MOM,664,100015,-3.12947
AAPL_MOM,665,100011,-3.45159
AAPL_MOM,666,100015,3.39504
AAPL_MOM,667,100028,13.3165
AAPL_MOM,668,100032,3.70701
AAPL_MOM,669,100041,9.57641
AAPL_MOM,670,100047,5.79428
AAPL_MOM,671,100054,7.18874
AAPL_MOM,672,100050,-4.0847
AAPL_MOM,673,100044,-5.75763
AAPL_MOM,674,100038,-6.3382
AAPL_MOM,675,100032,-5.68401
AAPL_MOM,676,100042,9.9577
AAPL_MOM,677,100071,29.1893
AAPL_MOM,678,100058,-13.5884
AAPL_MOM,679,100051,-6.51622
AAPL_MOM,680,100060,9.07676
AAPL_MOM,681,100082,21.7096
AAPL_MOM,682,100086,3.83954
AAPL_MOM,683,100085,-0.768925
AAPL_MOM,684,100102,17.0447
AAPL_MOM,685,100108,5.42739
AAPL_MOM,686,100099,-9.05611
AAPL_MOM,687,100086,-12.2271
AAPL_MOM,688,100098,11.51
AAPL_MOM,689,100092,-5.81831
AAPL_MOM,690,100104,12.1655
AAPL_MOM,691,100100,-4.46425
AAPL_MOM,692,100122,22.597
AAPL_MOM,693,100143,20.5084
AAPL_MOM,694,100143,-0.379335
AAPL_MOM,695,100130,-12.7014
AAPL_MOM,696,100143,12.9174
AAPL_MOM,697,100128,-14.4047
AAPL_MOM,698,100150,21.1669
AAPL_MOM,699,100173,23.4911
AAPL_MOM,700,100161,-11.6567
AAPL_MOM,701,100162,0.716877
AAPL_MOM,702,100159,-2.79068
AAPL_MOM,703,100152,-7.7505
AAPL_MOM,704,100151,-0.859685
AAPL_MOM,705,100164,13.7447
AAPL_MOM,706,100170,5.87639
AAPL_MOM,707,100184,14.1238
AAPL_MOM,708,100170,-14.1114
AAPL_MOM,709,100158,-12.107
AAPL_MOM,710,100146,-12.624
AAPL_MOM,711,100133,-12.4569
AAPL_MOM,712,100147,13.4676
AAPL_MOM,713,100158,11.7414
AAPL_MOM,714,100150,-8.39788
AAPL_MOM,715,100132,-18.2176
AAPL_MOM,716,100127,-4.67028
AAPL_MOM,717,100130,2.68936
AAPL_MOM,718,100130,0.450985
AAPL_MOM,719,100141,11.2446
AAPL_MOM,720,100140,-1.58745
AAPL_MOM,721,100155,15.1487
AAPL_MOM,722,100130,-0
AAPL_MOM,723,100129,20.5803
AAPL_MOM,724,100128,-1.49349
AAPL_MOM,725,100122,-5.75284
AAPL_MOM,726,100107,-14.7085
AAPL_MOM,727,100136,28.9164
AAPL_MOM,728,100135,-0
AAPL_MOM,729,100135,15.5162
AAPL_MOM,730,100135,0.00696474
AAPL_MOM,731,100141,5.71908
AAPL_MOM,732,100146,4.70682
AAPL_MOM,733,100152,6.26327
AAPL_MOM,734,100161,9.09851
AAPL_MOM,735,100158,-2.98003
AAPL_MOM,736,100155,-3.47813
AAPL_MOM,737,100182,27.8717
AAPL_MOM,738,100166,-16.0431
AAPL_MOM,739,100174,7.13464
AAPL_MOM,740,100189,15.2021
AAPL_MOM,741,100177,-11.5116
AAPL_MOM,742,100183,5.31937
AAPL_MOM,743,100189,6.32142
AAPL_MOM,744,100187,-1.8135
AAPL_MOM,745,100206,18.8575
AAPL_MOM,746,100205,-1.02453
AAPL_MOM,747,100198,-7.03673
AAPL_MOM,748,100189,-9.08752
AAPL_MOM,749,100191,2.29889
AAPL_MOM,750,100182,-8.75733
AAPL_MOM,751,100200,18.1571
AAPL_MOM,752,100186,-14.9486
AAPL_MOM,753,100175,-10.4061
AAPL_MOM,754,100179,3.62877
AAPL_MOM,755,100184,5.4573
AAPL_MOM,756,100190,6.20089
AAPL_MOM,757,100196,5.54816
AAPL_MOM,758,100201,4.6321
AAPL_MOM,759,100196,-4.43781
AAPL_MOM,760,100207,11.1822
AAPL_MOM,761,100212,4.63313
AAPL_MOM,762,100209,-2.84919
AAPL_MOM,763,100201,-7.72943
AAPL_MOM,764,100200,-1.22712
AAPL_MOM,765,100191,-9.27626
AAPL_MOM,766,100190,-0.694503
AAPL_MOM,767,100189,-0.729743
AAPL_MOM,768,100182,-7.56632
AAPL_MOM,769,100171,0
AAPL_MOM,770,100170,9.49001
AAPL_MOM,771,100158,-12.5207
AAPL_MOM,772,100179,21.3947
AAPL_MOM,773,100173,-6.17151
AAPL_MOM,774,100180,7.07675
AAPL_MOM,775,100164,-16.5154
AAPL_MOM,776,100151,-12.1435
AAPL_MOM,777,100150,-1.171
AAPL_MOM,778,100165,14.4134
AAPL_MOM,779,100183,18.0487
AAPL_MOM,780,100199,16.5678
AAPL_MOM,781,100218,18.8014
AAPL_MOM,782,100237,19.0135
AAPL_MOM,783,100261,23.9333
AAPL_MOM,784,100277,16.4538
AAPL_MOM,785,100300,22.1393
AAPL_MOM,786,100306,6.36201
AAPL_MOM,787,100318,11.575
AAPL_MOM,788,100316,-1.50418
AAPL_MOM,789,100308,-8.32198
AAPL_MOM,790,100307,-0.586115
AAPL_MOM,791,100305,-2.06994
AAPL_MOM,792,100302,-2.73303
AAPL_MOM,793,100307,4.2061
AAPL_MOM,794,100311,4.39084
AAPL_MOM,795,100301,-9.57494
AAPL_MOM,796,100292,-9.32127
AAPL_MOM,797,100277,-15.0507
AAPL_MOM,798,100296,19.231
AAPL_MOM,799,100320,23.9453
AAPL_MOM,800,100325,4.35199
AAPL_MOM,801,100329,4.51878
AAPL_MOM,802,100348,18.6031
AAPL_MOM,803,100353,5.21952
AAPL_MOM,804,100349,-4.06945
AAPL_MOM,805,100299,-50.2587
AAPL_MOM,806,100280,-18.5363
AAPL_MOM,807,100266,-14.3109
AAPL_MOM,808,100273,7.69489
AAPL_MOM,809,100268,-5.42593
AAPL_MOM,810,100280,11.7037
AAPL_MOM,811,100273,-6.20272
AAPL_MOM,812,100286,12.7519
AAPL_MOM,813,100286,0.147811
AAPL_MOM,814,100286,0
AAPL_MOM,815,100286,20.0472
AAPL_MOM,816,100307,20.6468
AAPL_MOM,817,100298,-8.56929
AAPL_MOM,818,100334,36.0225
AAPL_MOM,819,100303,-31.204
AAPL_MOM,820,100281,-0
AAPL_MOM,821,100281,10.5247
AAPL_MOM,822,100304,23.637
AAPL_MOM,823,100319,14.912
AAPL_MOM,824,100338,19.2263
AAPL_MOM,825,100334,-3.94612
AAPL_MOM,826,100341,6.41753
AAPL_MOM,827,100325,-16.1298
AAPL_MOM,828,100330,5.03362
AAPL_MOM,829,100317,-12.2502
AAPL_MOM,830,100294,-0
AAPL_MOM,831,100294,4.94696
AAPL_MOM,832,100287,-6.5849
AAPL_MOM,833,100285,-2.63598
AAPL_MOM,834,100291,-0
AAPL_MOM,835,100291,5.1199
AAPL_MOM,836,100292,1.00839
AAPL_MOM,837,100271,-20.4874
AAPL_MOM,838,100258,-13.1265
AAPL_MOM,839,100259,0.232994
AAPL_MOM,840,100254,-4.33616
AAPL_MOM,841,100273,18.9574
AAPL_MOM,842,100296,22.5636
AAPL_MOM,843,100293,-2.36462
AAPL_MOM,844,100283,-10.2541
AAPL_MOM,845,100287,0
AAPL_MOM,846,100287,30.8737
AAPL_MOM,847,100263,-0
AAPL_MOM,848,100263,14.5343
AAPL_MOM,849,100280,16.4211
AAPL_MOM,850,100293,13.7003
AAPL_MOM,851,100297,3.7648
AAPL_MOM,852,100290,-7.16388
AAPL_MOM,853,100304,13.8227
AAPL_MOM,854,100319,15.5868
AAPL_MOM,855,100328,8.59891
AAPL_MOM,856,100306,-21.6989
AAPL_MOM,857,100286,-19.9986
AAPL_MOM,858,100276,-10.3959
AAPL_MOM,859,100281,4.81158
AAPL_MOM,860,100282,0.973066
AAPL_MOM,861,100268,-13.4305
AAPL_MOM,862,100283,14.61
AAPL_MOM,863,100272,-10.4602
AAPL_MOM,864,100272,0.157367
AAPL_MOM,865,100293,20.1977
AAPL_MOM,866,100296,2.86287
AAPL_MOM,867,100275,-20.5179
AAPL_MOM,868,100274,-0.66151
AAPL_MOM,869,100292,17.491
AAPL_MOM,870,100296,4.57995
AAPL_MOM,871,100286,-9.96979
AAPL_MOM,872,100304,17.3848
AAPL_MOM,873,100323,19.4688
AAPL_MOM,874,100327,4.04591
AAPL_MOM,875,100328,0.542517
AAPL_MOM,876,100327,-0.680133
AAPL_MOM,877,100328,0.316697
AAPL_MOM,878,100336,8.75596
AAPL_MOM,879,100334,-2.43128
AAPL_MOM,880,100352,17.7537
AAPL_MOM,881,100364,12.115
AAPL_MOM,882,100386,22.0535
AAPL_MOM,883,100383,-2.43683
AAPL_MOM,884,100390,6.55309
AAPL_MOM,885,100394,4.4816
AAPL_MOM,886,100395,0.364962
AAPL_MOM,887,100399,4.1331
AAPL_MOM,888,100387,-11.487
AAPL_MOM,889,100382,-5.08105
AAPL_MOM,890,100390,7.92098
AAPL_MOM,891,100396,5.6683
AAPL_MOM,892,100397,0.814227
AAPL_MOM,893,100401,4.21072
AAPL_MOM,894,100395,-5.43052
AAPL_MOM,895,100395,-0.695441
AAPL_MOM,896,100388,-6.90759
AAPL_MOM,897,100401,12.789
AAPL_MOM,898,100399,-1.55601
AAPL_MOM,899,100368,-30.7621
AAPL_MOM,900,100387,18.9741
AAPL_MOM,901,100364,-23.6859
AAPL_MOM,902,100388,24.0149
AAPL_MOM,903,100389,1.43598
AAPL_MOM,904,100433,43.8142
AAPL_MOM,905,100433,-0.0009578
AAPL_MOM,906,100441,8.57728
AAPL_MOM,907,100435,-6.77727
AAPL_MOM,908,100433,-2.05926
AAPL_MOM,909,100422,-10.8614
AAPL_MOM,910,100406,-16.0675
AAPL_MOM,911,100419,13.6285
AAPL_MOM,912,100409,-9.86101
AAPL_MOM,913,100415,5.45968
AAPL_MOM,914,100411,-4.18761
AAPL_MOM,915,100426,15.2925
AAPL_MOM,916,100467,40.7237
AAPL_MOM,917,100469,2.69699
AAPL_MOM,918,100459,-10.9738
AAPL_MOM,919,100468,9.15806
AAPL_MOM,920,100468,0.765521
AAPL_MOM,921,100479,10.7659
AAPL_MOM,922,100498,18.5243
AAPL_MOM,923,100477,-20.855
AAPL_MOM,924,100474,-3.35396
AAPL_MOM,925,100462,-11.2055
AAPL_MOM,926,100493,31.1333
AAPL_MOM,927,100503,9.3159
AAPL_MOM,928,100494,-9.0071
AAPL_MOM,929,100507,13.4011
AAPL_MOM,930,100481,-26.5508
AAPL_MOM,931,100459,-21.948
AAPL_MOM,932,100456,-2.75228
AAPL_MOM,933,100470,13.8786
AAPL_MOM,934,100488,17.8569
AAPL_MOM,935,100502,14.7428
AAPL_MOM,936,100515,12.7966
AAPL_MOM,937,100499,-15.7296
AAPL_MOM,938,100511,11.106
AAPL_MOM,939,100512,1.34481
AAPL_MOM,940,100499,-13.1598
AAPL_MOM,941,100492,-6.9271
AAPL_MOM,942,100504,11.7117
AAPL_MOM,943,100524,20.839
AAPL_MOM,944,100535,10.3115
AAPL_MOM,945,100513,-21.3982
AAPL_MOM,946,100499,-14.3953
AAPL_MOM,947,100487,-12.0429
AAPL_MOM,948,100494,7.55289
AAPL_MOM,949,100505,10.6901
AAPL_MOM,950,100508,3.38789
AAPL_MOM,951,100502,-6.33378
AAPL_MOM,952,100522,20.3542
AAPL_MOM,953,100518,-4.93465
AAPL_MOM,954,100500,-17.3167
AAPL_MOM,955,100502,2.10941
AAPL_MOM,956,100505,2.89905
AAPL_MOM,957,100520,15.2091
AAPL_MOM,958,100526,5.34722
AAPL_MOM,959,100526,-0.205472
AAPL_MOM,960,100514,-11.564
AAPL_MOM,961,100489,-25.1615
AAPL_MOM,962,100470,-18.3931
AAPL_MOM,963,100466,-0
AAPL_MOM,964,100465,-3.25977
AAPL_MOM,965,100471,5.44751
AAPL_MOM,966,100442,-28.5511
AAPL_MOM,967,100434,-8.65537
AAPL_MOM,968,100450,15.9936
AAPL_MOM,969,100453,3.28917
AAPL_MOM,970,100454,1.26206
AAPL_MOM,971,100461,6.61531
AAPL_MOM,972,100457,-3.85316
AAPL_MOM,973,100464,7.29421
AAPL_MOM,974,100489,24.9294
AAPL_MOM,975,100477,-12.1568
AAPL_MOM,976,100487,10.0533
AAPL_MOM,977,100478,-9.10702
AAPL_MOM,978,100477,-0.549544
AAPL_MOM,979,100431,-46.2938
AAPL_MOM,980,100430,0
AAPL_MOM,981,100430,13.2955
AAPL_MOM,982,100431,1.61161
AAPL_MOM,983,100422,-9.19707
AAPL_MOM,984,100450,28.1745
AAPL_MOM,985,100442,-7.86934
AAPL_MOM,986,100456,14.0967
AAPL_MOM,987,100436,-20.5405
AAPL_MOM,988,100418,-18.197
AAPL_MOM,989,100425,7.74297
AAPL_MOM,990,100413,0
AAPL_MOM,991,100412,-9.25282
AAPL_MOM,992,100400,-12.1099
AAPL_MOM,993,100401,0.525446
AAPL_MOM,994,100367,-0
AAPL_MOM,995,100367,-35.661
AAPL_MOM,996,100374,7.74868
AAPL_MOM,997,100397,22.7889
AAPL_MOM,998,100386,-11.2114
AAPL_MOM,999,100376,-10.3377
GOOGL_MOM,0,99999.9,-0
GOOGL_MOM,1,100006,6.14552
GOOGL_MOM,2,100028,22.149
GOOGL_MOM,3,100036,7.7393
GOOGL_MOM,4,100035,-0.953911
GOOGL_MOM,5,100022,-13.0272
GOOGL_MOM,6,100025,3.01784
GOOGL_MOM,7,100032,6.74757
GOOGL_MOM,8,100041,9.68649
GOOGL_MOM,9,100070,28.5336
GOOGL_MOM,10,100074,4.10541
GOOGL_MOM,11,100083,8.5554
GOOGL_MOM,12,100073,-9.09468
GOOGL_MOM,13,100079,5.20696
GOOGL_MOM,14,100082,3.46156
GOOGL_MOM,15,100092,9.54067
GOOGL_MOM,16,100086,-6.08201
GOOGL_MOM,17,100112,25.9841
GOOGL_MOM,18,100120,8.87743
GOOGL_MOM,19,100129,8.4611
GOOGL_MOM,20,100157,27.7821
GOOGL_MOM,21,100144,-13.1376
GOOGL_MOM,22,100144,0.0989368
GOOGL_MOM,23,100143,-0.345253
GOOGL_MOM,24,100162,18.5134
GOOGL_MOM,25,100159,-2.82532
GOOGL_MOM,26,100145,-13.8115
GOOGL_MOM,27,100133,-11.9694
GOOGL_MOM,28,100124,-9.65497
GOOGL_MOM,29,100117,-6.37738
GOOGL_MOM,30,100104,-12.9289
GOOGL_MOM,31,100096,-7.79353
GOOGL_MOM,32,100110,13.7203
GOOGL_MOM,33,100103,-7.1938
GOOGL_MOM,34,100112,9.30165
GOOGL_MOM,35,100098,-14.6047
GOOGL_MOM,36,100071,-26.7775
GOOGL_MOM,37,100072,1.11666
GOOGL_MOM,38,100063,0
GOOGL_MOM,39,100063,8.30112
GOOGL_MOM,40,100054,-8.96502
GOOGL_MOM,41,100043,-0
GOOGL_MOM,42,100043,6.78095
GOOGL_MOM,43,100053,10.4383
GOOGL_MOM,44,100061,7.45502
GOOGL_MOM,45,100052,-8.6734
GOOGL_MOM,46,100037,0
GOOGL_MOM,47,100037,-17.0036
GOOGL_MOM,48,100044,6.25321
GOOGL_MOM,49,100053,9.55901
GOOGL_MOM,50,100052,-1.39125
GOOGL_MOM,51,100045,-6.75984
GOOGL_MOM,52,100048,3.13837
GOOGL_MOM,53,100028,-19.9339
GOOGL_MOM,54,100026,-2.37077
GOOGL_MOM,55,100028,1.8735
GOOGL_MOM,56,100026,-1.22642
GOOGL_MOM,57,100033,6.57038
GOOGL_MOM,58,100013,-0
GOOGL_MOM,59,100012,15.3023
GOOGL_MOM,60,100026,14.0157
GOOGL_MOM,61,100032,5.75228
GOOGL_MOM,62,100031,-1.24692
GOOGL_MOM,63,100035,3.65869
GOOGL_MOM,64,100049,14.137
GOOGL_MOM,65,100089,40.3443
GOOGL_MOM,66,100105,16.201
GOOGL_MOM,67,100100,-5.49009
GOOGL_MOM,68,100091,-8.91847
GOOGL_MOM,69,100087,-3.69455
GOOGL_MOM,70,100070,-16.8593
GOOGL_MOM,71,100068,-1.98369
GOOGL_MOM,72,100048,-20.6415
GOOGL_MOM,73,100027,-20.4764
GOOGL_MOM,74,100023,-0
GOOGL_MOM,75,100023,5.33747
GOOGL_MOM,76,100046,23.2817
GOOGL_MOM,77,100050,3.58383
GOOGL_MOM,78,100064,13.6779
GOOGL_MOM,79,100067,3.53801
GOOGL_MOM,80,100063,-3.79012
GOOGL_MOM,81,100061,-2.80162
GOOGL_MOM,82,100073,12.4625
GOOGL_MOM,83,100074,0.713498
GOOGL_MOM,84,100074,0.29537
GOOGL_MOM,85,100077,2.69103
GOOGL_MOM,86,100095,18.057
GOOGL_MOM,87,100089,-5.50815
GOOGL_MOM,88,100103,13.6621
GOOGL_MOM,89,100106,2.79125
GOOGL_MOM,90,100124,18.3142
GOOGL_MOM,91,100136,11.7613
GOOGL_MOM,92,100140,3.84246
GOOGL_MOM,93,100135,-4.6902
GOOGL_MOM,94,100129,-5.7396
GOOGL_MOM,95,100115,-14.2717
GOOGL_MOM,96,100141,26.0119
GOOGL_MOM,97,100135,-6.26699
GOOGL_MOM,98,100137,2.18994
GOOGL_MOM,99,100132,-5.1005
GOOGL_MOM,100,100124,-7.76956
GOOGL_MOM,101,100119,-5.47344
GOOGL_MOM,102,100122,3.60325
GOOGL_MOM,103,100104,-18.3503
GOOGL_MOM,104,100101,-2.56999
GOOGL_MOM,105,100109,7.83717
GOOGL_MOM,106,100116,6.46817
GOOGL_MOM,107,100130,14.5325
GOOGL_MOM,108,100130,-0.0209309
GOOGL_MOM,109,100142,11.6634
GOOGL_MOM,110,100131,-10.2814
GOOGL_MOM,111,100138,7.03506
GOOGL_MOM,112,100137,-1.81953
GOOGL_MOM,113,100136,-0.91259
GOOGL_MOM,114,100130,-5.72301
GOOGL_MOM,115,100129,-1.34211
GOOGL_MOM,116,100124,-4.73698
GOOGL_MOM,117,100123,-1.22091
GOOGL_MOM,118,100129,6.60765
GOOGL_MOM,119,100126,-3.32751
GOOGL_MOM,120,100107,0
GOOGL_MOM,121,100107,0.294062
GOOGL_MOM,122,100102,-4.84307
GOOGL_MOM,123,100098,-3.79613
GOOGL_MOM,124,100097,-0
GOOGL_MOM,125,100097,-14.1033
GOOGL_MOM,126,100082,-0
GOOGL_MOM,127,100082,-3.31087
GOOGL_MOM,128,100084,1.62054
GOOGL_MOM,129,100086,2.5459
GOOGL_MOM,130,100082,-4.16793
GOOGL_MOM,131,100093,11.3327
GOOGL_MOM,132,100090,-3.80471
GOOGL_MOM,133,100092,2.34667
GOOGL_MOM,134,100095,2.91282
GOOGL_MOM,135,100085,-9.85564
GOOGL_MOM,136,100090,5.41955
GOOGL_MOM,137,100099,8.7851
GOOGL_MOM,138,100088,-11.3776
GOOGL_MOM,139,100086,-1.91246
GOOGL_MOM,140,100082,-3.57138
GOOGL_MOM,141,100067,0
GOOGL_MOM,142,100066,-3.23813
GOOGL_MOM,143,100083,16.7615
GOOGL_MOM,144,100081,-2.60872
GOOGL_MOM,145,100109,28.3939
GOOGL_MOM,146,100109,-0.164978
GOOGL_MOM,147,100109,0.260866
GOOGL_MOM,148,100119,9.6833
GOOGL_MOM,149,100138,19.0567
GOOGL_MOM,150,100145,7.55596
GOOGL_MOM,151,100166,20.5315
GOOGL_MOM,152,100166,0.159231
GOOGL_MOM,153,100156,-9.85634
GOOGL_MOM,154,100152,-4.08177
GOOGL_MOM,155,100157,4.48456
GOOGL_MOM,156,100172,15.7145
GOOGL_MOM,157,100164,-8.56258
GOOGL_MOM,158,100166,1.98097
GOOGL_MOM,159,100186,20.6207
GOOGL_MOM,160,100183,-2.988
GOOGL_MOM,161,100195,12.0237
GOOGL_MOM,162,100178,-17.4526
GOOGL_MOM,163,100173,-4.66289
GOOGL_MOM,164,100151,-21.9276
GOOGL_MOM,165,100151,-0.319424
GOOGL_MOM,166,100147,-3.59874
GOOGL_MOM,167,100153,5.69101
GOOGL_MOM,168,100165,11.6783
GOOGL_MOM,169,100146,-18.4781
GOOGL_MOM,170,100166,20.0132
GOOGL_MOM,171,100158,-8.80465
GOOGL_MOM,172,100145,-12.4266
GOOGL_MOM,173,100144,-1.48241
GOOGL_MOM,174,100149,5.59387
GOOGL_MOM,175,100154,4.79942
GOOGL_MOM,176,100153,-0.898562
GOOGL_MOM,177,100151,-1.67837
GOOGL_MOM,178,100142,-9.3976
GOOGL_MOM,179,100132,-0
GOOGL_MOM,180,100132,1.41567
GOOGL_MOM,181,100135,3.06542
GOOGL_MOM,182,100125,-9.67541
GOOGL_MOM,183,100117,-7.77894
GOOGL_MOM,184,100132,14.6007
GOOGL_MOM,185,100148,16.1278
GOOGL_MOM,186,100138,-10.2222
GOOGL_MOM,187,100111,-26.2519
GOOGL_MOM,188,100075,0
GOOGL_MOM,189,100075,4.8114
GOOGL_MOM,190,100076,0
GOOGL_MOM,191,100076,6.88252
GOOGL_MOM,192,100078,1.62297
GOOGL_MOM,193,100087,8.79857
GOOGL_MOM,194,100078,-9.14442
GOOGL_MOM,195,100088,10.9164
GOOGL_MOM,196,100093,4.97107
GOOGL_MOM,197,100103,9.44134
GOOGL_MOM,198,100102,-0.864808
GOOGL_MOM,199,100087,-15.1381
GOOGL_MOM,200,100098,11.541
GOOGL_MOM,201,100091,-6.99941
GOOGL_MOM,202,100089,-2.46034
GOOGL_MOM,203,100104,15.3256
GOOGL_MOM,204,100100,-4.6865
GOOGL_MOM,205,100114,14.2373
GOOGL_MOM,206,100109,-4.65144
GOOGL_MOM,207,100112,2.77902
GOOGL_MOM,208,100119,7.43833
GOOGL_MOM,209,100120,0.324209
GOOGL_MOM,210,100126,6.66755
GOOGL_MOM,211,100120,-6.33248
GOOGL_MOM,212,100120,0.42126
GOOGL_MOM,213,100129,8.78689
GOOGL_MOM,214,100115,-14.2682
GOOGL_MOM,215,100101,-13.8247
GOOGL_MOM,216,100117,16.251
GOOGL_MOM,217,100100,-17.0168
GOOGL_MOM,218,100090,-10.0646
GOOGL_MOM,219,100116,26.077
GOOGL_MOM,220,100123,7.04873
GOOGL_MOM,221,100133,9.97134
GOOGL_MOM,222,100145,11.4111
GOOGL_MOM,223,100116,-29.2168
GOOGL_MOM,224,100104,-11.2563
GOOGL_MOM,225,100091,-0
GOOGL_MOM,226,100091,-0.331968
GOOGL_MOM,227,100084,-6.85222
GOOGL_MOM,228,100073,0
GOOGL_MOM,229,100072,-1.6555
GOOGL_MOM,230,100072,-0.92785
GOOGL_MOM,231,100063,-8.55092
GOOGL_MOM,232,100079,15.7787
GOOGL_MOM,233,100073,-5.50286
GOOGL_MOM,234,100070,-0
GOOGL_MOM,235,100070,7.46798
GOOGL_MOM,236,100073,3.13222
GOOGL_MOM,237,100082,8.25708
GOOGL_MOM,238,100076,-0
GOOGL_MOM,239,100076,16.8564
GOOGL_MOM,240,100083,7.51079
GOOGL_MOM,241,100087,3.90402
GOOGL_MOM,242,100089,2.12231
GOOGL_MOM,243,100092,3.06076
GOOGL_MOM,244,100098,5.60972
GOOGL_MOM,245,100124,26.1655
GOOGL_MOM,246,100103,-21.0976
GOOGL_MOM,247,100098,-4.50911
GOOGL_MOM,248,100100,1.95101
GOOGL_MOM,249,100132,31.1692
GOOGL_MOM,250,100127,-4.28936
GOOGL_MOM,251,100135,7.85187
GOOGL_MOM,252,100119,-15.703
GOOGL_MOM,253,100092,-27.483
GOOGL_MOM,254,100077,-14.8088
GOOGL_MOM,255,100071,-5.83854
GOOGL_MOM,256,100057,-14.4275
GOOGL_MOM,257,100073,16.3092
GOOGL_MOM,258,100081,8.15774
GOOGL_MOM,259,100082,0.870149
GOOGL_MOM,260,100072,-9.84333
GOOGL_MOM,261,100085,12.3473
GOOGL_MOM,262,100093,8.70202
GOOGL_MOM,263,100107,13.6719
GOOGL_MOM,264,100115,7.94889
GOOGL_MOM,265,100119,3.86078
GOOGL_MOM,266,100111,-7.77575
GOOGL_MOM,267,100127,15.548
GOOGL_MOM,268,100096,-30.4907
GOOGL_MOM,269,100099,2.34931
GOOGL_MOM,270,100102,3.28489
GOOGL_MOM,271,100129,27.1367
GOOGL_MOM,272,100115,-14.0201
GOOGL_MOM,273,100138,22.6685
GOOGL_MOM,274,100132,-5.72677
GOOGL_MOM,275,100136,4.01084
GOOGL_MOM,276,100128,-7.73939
GOOGL_MOM,277,100112,-15.9649
GOOGL_MOM,278,100106,-0
GOOGL_MOM,279,100106,15.0696
GOOGL_MOM,280,100113,6.52198
GOOGL_MOM,281,100123,10.5217
GOOGL_MOM,282,100141,18.249
GOOGL_MOM,283,100146,4.66393
GOOGL_MOM,284,100145,-0.803839
GOOGL_MOM,285,100143,-2.44151
GOOGL_MOM,286,100130,-13.2453
GOOGL_MOM,287,100142,12.781
GOOGL_MOM,288,100128,-14.8051
GOOGL_MOM,289,100141,13.957
GOOGL_MOM,290,100152,10.8295
GOOGL_MOM,291,100156,3.83667
GOOGL_MOM,292,100139,-17.286
GOOGL_MOM,293,100148,9.27492
GOOGL_MOM,294,100126,-21.6703
GOOGL_MOM,295,100139,12.681
GOOGL_MOM,296,100146,6.79437
GOOGL_MOM,297,100145,-1.09968
GOOGL_MOM,298,100129,-15.3877
GOOGL_MOM,299,100110,-19.1347
GOOGL_MOM,300,100115,4.58109
GOOGL_MOM,301,100116,1.57898
GOOGL_MOM,302,100118,1.52105
GOOGL_MOM,303,100112,-5.61836
GOOGL_MOM,304,100110,-2.44631
GOOGL_MOM,305,100118,8.03781
GOOGL_MOM,306,100108,-9.96898
GOOGL_MOM,307,100101,-7.27917
GOOGL_MOM,308,100085,0
GOOGL_MOM,309,100085,-2.39707
GOOGL_MOM,310,100094,8.79158
GOOGL_MOM,311,100098,3.71374
GOOGL_MOM,312,100104,6.49502
GOOGL_MOM,313,100093,-10.8563
GOOGL_MOM,314,100111,18.1977
GOOGL_MOM,315,100105,-6.2921
GOOGL_MOM,316,100085,-20.5865
GOOGL_MOM,317,100096,10.9652
GOOGL_MOM,318,100079,-16.517
GOOGL_MOM,319,100082,3.42048
GOOGL_MOM,320,100100,17.7082
GOOGL_MOM,321,100111,10.4919
GOOGL_MOM,322,100113,1.82093
GOOGL_MOM,323,100121,8.39899
GOOGL_MOM,324,100112,-8.92484
GOOGL_MOM,325,100125,12.6201
GOOGL_MOM,326,100129,4.46935
GOOGL_MOM,327,100152,23.1692
GOOGL_MOM,328,100155,2.28711
GOOGL_MOM,329,100143,-11.6052
GOOGL_MOM,330,100154,10.6967
GOOGL_MOM,331,100135,-18.9902
GOOGL_MOM,332,100127,-7.77031
GOOGL_MOM,333,100122,-4.36766
GOOGL_MOM,334,100125,2.09314
GOOGL_MOM,335,100122,-2.25504
GOOGL_MOM,336,100109,-13.2683
GOOGL_MOM,337,100115,5.47321
GOOGL_MOM,338,100132,17.6549
GOOGL_MOM,339,100129,-3.3385
GOOGL_MOM,340,100117,-11.6387
GOOGL_MOM,341,100102,-0
GOOGL_MOM,342,100101,8.27842
GOOGL_MOM,343,100097,-0
GOOGL_MOM,344,100097,10.6119
GOOGL_MOM,345,100110,12.5248
GOOGL_MOM,346,100099,-10.9996
GOOGL_MOM,347,100073,-25.2927
GOOGL_MOM,348,100054,-0
GOOGL_MOM,349,100054,-2.39003
GOOGL_MOM,350,100020,-33.3702
GOOGL_MOM,351,100010,0
GOOGL_MOM,352,100009,7.53787
GOOGL_MOM,353,100034,24.5179
GOOGL_MOM,354,100058,24.4381
GOOGL_MOM,355,100061,3.05945
GOOGL_MOM,356,100087,25.5753
GOOGL_MOM,357,100090,2.54809
GOOGL_MOM,358,100096,6.01651
GOOGL_MOM,359,100091,-4.51674
GOOGL_MOM,360,100092,0.952953
GOOGL_MOM,361,100084,-8.48137
GOOGL_MOM,362,100093,8.99559
GOOGL_MOM,363,100077,-15.2426
GOOGL_MOM,364,100072,-4.82659
GOOGL_MOM,365,100066,-6.92695
GOOGL_MOM,366,100072,6.3511
GOOGL_MOM,367,100066,-5.65558
GOOGL_MOM,368,100065,-1.27194
GOOGL_MOM,369,100068,3.2943
GOOGL_MOM,370,100098,29.8683
GOOGL_MOM,371,100100,1.98937
GOOGL_MOM,372,100119,18.4473
GOOGL_MOM,373,100116,-2.67467
GOOGL_MOM,374,100147,31.4102
GOOGL_MOM,375,100136,-11.5695
GOOGL_MOM,376,100120,-16.0598
GOOGL_MOM,377,100126,5.88111
GOOGL_MOM,378,100143,16.9807
GOOGL_MOM,379,100142,-0.96592
GOOGL_MOM,380,100128,-13.6534
GOOGL_MOM,381,100134,5.68301
GOOGL_MOM,382,100156,22.863
GOOGL_MOM,383,100141,-15.5146
GOOGL_MOM,384,100139,-1.51391
GOOGL_MOM,385,100144,4.41026
GOOGL_MOM,386,100145,0.887446
GOOGL_MOM,387,100150,5.50541
GOOGL_MOM,388,100154,4.17812
GOOGL_MOM,389,100150,-4.20912
GOOGL_MOM,390,100152,2.18679
GOOGL_MOM,391,100162,9.17784
GOOGL_MOM,392,100197,35.8916
GOOGL_MOM,393,100193,-4.14849
GOOGL_MOM,394,100182,-11.2846
GOOGL_MOM,395,100199,16.9577
GOOGL_MOM,396,100201,2.31871
GOOGL_MOM,397,100228,26.339
GOOGL_MOM,398,100201,-26.2831
GOOGL_MOM,399,100207,6.08018
GOOGL_MOM,400,100194,-13.4101
GOOGL_MOM,401,100182,-11.5271
GOOGL_MOM,402,100217,34.6086
GOOGL_MOM,403,100234,17.2997
GOOGL_MOM,404,100239,4.48395
GOOGL_MOM,405,100262,23.3672
GOOGL_MOM,406,100256,-6.33855
GOOGL_MOM,407,100252,-4.26248
GOOGL_MOM,408,100241,-10.9407
GOOGL_MOM,409,100262,21.4496
GOOGL_MOM,410,100264,1.46667
GOOGL_MOM,411,100258,-6.06956
GOOGL_MOM,412,100246,-11.1894
GOOGL_MOM,413,100243,-3.4628
GOOGL_MOM,414,100224,-18.8089
GOOGL_MOM,415,100229,5.22057
GOOGL_MOM,416,100220,-9.24033
GOOGL_MOM,417,100244,23.542
GOOGL_MOM,418,100227,-16.8344
GOOGL_MOM,419,100252,25.2149
GOOGL_MOM,420,100264,12.2844
GOOGL_MOM,421,100260,-3.78952
GOOGL_MOM,422,100275,14.2167
GOOGL_MOM,423,100283,8.16023
GOOGL_MOM,424,100286,3.3857
GOOGL_MOM,425,100268,-17.8729
GOOGL_MOM,426,100249,-19.294
GOOGL_MOM,427,100262,12.9069
GOOGL_MOM,428,100251,-10.9826
GOOGL_MOM,429,100252,1.03348
GOOGL_MOM,430,100259,7.01765
GOOGL_MOM,431,100250,-9.26452
GOOGL_MOM,432,100260,10.4789
GOOGL_MOM,433,100260,-0.578982
GOOGL_MOM,434,100240,-0
GOOGL_MOM,435,100240,35.8799
GOOGL_MOM,436,100226,-14.0499
GOOGL_MOM,437,100249,23.1092
GOOGL_MOM,438,100275,25.9886
GOOGL_MOM,439,100263,-11.9131
GOOGL_MOM,440,100241,-22.508
GOOGL_MOM,441,100233,-7.5258
GOOGL_MOM,442,100267,33.6115
GOOGL_MOM,443,100294,26.919
GOOGL_MOM,444,100289,-4.89211
GOOGL_MOM,445,100296,6.82927
GOOGL_MOM,446,100313,17.2333
GOOGL_MOM,447,100314,1.06568
GOOGL_MOM,448,100318,3.75032
GOOGL_MOM,449,100310,-7.59476
GOOGL_MOM,450,100313,2.77897
GOOGL_MOM,451,100301,-12.1155
GOOGL_MOM,452,100321,19.9726
GOOGL_MOM,453,100327,5.60612
GOOGL_MOM,454,100341,14.4503
GOOGL_MOM,455,100330,-11.3842
GOOGL_MOM,456,100359,29.1617
GOOGL_MOM,457,100343,-15.6967
GOOGL_MOM,458,100347,3.46864
GOOGL_MOM,459,100391,44.3604
GOOGL_MOM,460,100367,-23.6929
GOOGL_MOM,461,100368,1.22467
GOOGL_MOM,462,100362,-6.06391
GOOGL_MOM,463,100351,-10.8404
GOOGL_MOM,464,100354,2.2904
GOOGL_MOM,465,100374,20.5063
GOOGL_MOM,466,100389,14.778
GOOGL_MOM,467,100374,-15.2773
GOOGL_MOM,468,100397,23.1805
GOOGL_MOM,469,100373,-24.2547
GOOGL_MOM,470,100366,-6.63179
GOOGL_MOM,471,100373,6.52386
GOOGL_MOM,472,100367,-5.13902
GOOGL_MOM,473,100365,-2.57799
GOOGL_MOM,474,100397,32.2799
GOOGL_MOM,475,100408,10.9797
GOOGL_MOM,476,100384,-23.7439
GOOGL_MOM,477,100394,10.0835
GOOGL_MOM,478,100391,-3.75728
GOOGL_MOM,479,100388,-2.69844
GOOGL_MOM,480,100378,-10.012
GOOGL_MOM,481,100348,-30.3612
GOOGL_MOM,482,100350,2.76722
GOOGL_MOM,483,100346,-4.8803
GOOGL_MOM,484,100354,8.89333
GOOGL_MOM,485,100332,-0
GOOGL_MOM,486,100331,0.341517
GOOGL_MOM,487,100303,0
GOOGL_MOM,488,100302,15.2023
GOOGL_MOM,489,100307,4.23699
GOOGL_MOM,490,100322,15.5429
GOOGL_MOM,491,100318,-4.38769
GOOGL_MOM,492,100300,-17.4259
GOOGL_MOM,493,100315,14.5187
GOOGL_MOM,494,100305,-10.2945
GOOGL_MOM,495,100297,-7.76043
GOOGL_MOM,496,100288,-8.42272
GOOGL_MOM,497,100267,-21.2841
GOOGL_MOM,498,100258,0
GOOGL_MOM,499,100258,12.4071
GOOGL_MOM,500,100257,-0.775194
GOOGL_MOM,501,100256,-1.05481
GOOGL_MOM,502,100249,-6.98095
GOOGL_MOM,503,100267,18.3224
GOOGL_MOM,504,100263,-0
GOOGL_MOM,505,100263,-15.8751
GOOGL_MOM,506,100271,8.50155
GOOGL_MOM,507,100266,-5.2807
GOOGL_MOM,508,100256,-0
GOOGL_MOM,509,100256,25.4084
GOOGL_MOM,510,100247,-8.97461
GOOGL_MOM,511,100232,-15.0463
GOOGL_MOM,512,100233,0.91855
GOOGL_MOM,513,100214,-18.9194
GOOGL_MOM,514,100221,7.37696
GOOGL_MOM,515,100193,-27.9644
GOOGL_MOM,516,100210,16.7944
GOOGL_MOM,517,100169,-0
GOOGL_MOM,518,100169,22.1426
GOOGL_MOM,519,100186,17.0961
GOOGL_MOM,520,100169,-17.4798
GOOGL_MOM,521,100184,15.0241
GOOGL_MOM,522,100169,-14.5974
GOOGL_MOM,523,100160,-0
GOOGL_MOM,524,100160,22.9896
GOOGL_MOM,525,100159,-0
GOOGL_MOM,526,100159,-11.2289
GOOGL_MOM,527,100165,6.17167
GOOGL_MOM,528,100178,13.4194
GOOGL_MOM,529,100183,4.69156
GOOGL_MOM,530,100154,-28.8866
GOOGL_MOM,531,100123,0
GOOGL_MOM,532,100123,29.6226
GOOGL_MOM,533,100136,13.5121
GOOGL_MOM,534,100154,18.1392
GOOGL_MOM,535,100114,-40.4894
GOOGL_MOM,536,100146,32.5296
GOOGL_MOM,537,100177,30.7863
GOOGL_MOM,538,100170,-6.7354
GOOGL_MOM,539,100169,-1.31661
GOOGL_MOM,540,100132,-37.3115
GOOGL_MOM,541,100150,18.061
GOOGL_MOM,542,100144,-5.52459
GOOGL_MOM,543,100145,1.04809
GOOGL_MOM,544,100130,-15.672
GOOGL_MOM,545,100104,-25.3786
GOOGL_MOM,546,100127,22.7857
GOOGL_MOM,547,100123,-4.06646
GOOGL_MOM,548,100131,8.15507
GOOGL_MOM,549,100108,-22.638
GOOGL_MOM,550,100139,30.24
GOOGL_MOM,551,100146,7.73414
GOOGL_MOM,552,100129,-17.7128
GOOGL_MOM,553,100138,8.93752
GOOGL_MOM,554,100158,20.8053
GOOGL_MOM,555,100145,-13.4631
GOOGL_MOM,556,100148,3.39003
GOOGL_MOM,557,100165,16.2985
GOOGL_MOM,558,100169,4.45492
GOOGL_MOM,559,100145,-23.6724
GOOGL_MOM,560,100161,15.0575
GOOGL_MOM,561,100156,-4.64474
GOOGL_MOM,562,100121,-0
GOOGL_MOM,563,100120,-4.52845
GOOGL_MOM,564,100144,23.3002
GOOGL_MOM,565,100142,-1.54023
GOOGL_MOM,566,100129,-13.2164
GOOGL_MOM,567,100154,24.9224
GOOGL_MOM,568,100142,-11.7132
GOOGL_MOM,569,100139,-3.64222
GOOGL_MOM,570,100124,-14.6383
GOOGL_MOM,571,100138,13.7036
GOOGL_MOM,572,100117,-20.4386
GOOGL_MOM,573,100103,0
GOOGL_MOM,574,100102,25.6249
GOOGL_MOM,575,100114,11.6026
GOOGL_MOM,576,100127,13.5747
GOOGL_MOM,577,100135,7.75226
GOOGL_MOM,578,100134,-1.56059
GOOGL_MOM,579,100166,31.9562
GOOGL_MOM,580,100144,-21.5607
GOOGL_MOM,581,100156,12.2669
GOOGL_MOM,582,100155,-1.53251
GOOGL_MOM,583,100137,-18.1337
GOOGL_MOM,584,100146,9.11452
GOOGL_MOM,585,100149,3.48295
GOOGL_MOM,586,100186,36.8047
GOOGL_MOM,587,100175,-11.2124
GOOGL_MOM,588,100164,-11.2256
GOOGL_MOM,589,100180,16.0012
GOOGL_MOM,590,100171,-8.84594
GOOGL_MOM,591,100181,10.5625
GOOGL_MOM,592,100186,4.55402
GOOGL_MOM,593,100191,5.31898
GOOGL_MOM,594,100221,30.2647
GOOGL_MOM,595,100202,-19.9314
GOOGL_MOM,596,100181,-20.8661
GOOGL_MOM,597,100181,0.192393
GOOGL_MOM,598,100192,10.9107
GOOGL_MOM,599,100190,-1.96713
GOOGL_MOM,600,100183,-6.7392
GOOGL_MOM,601,100216,32.7555
GOOGL_MOM,602,100201,-15.3087
GOOGL_MOM,603,100171,-29.7983
GOOGL_MOM,604,100154,-16.5488
GOOGL_MOM,605,100149,-4.77134
GOOGL_MOM,606,100161,11.5402
GOOGL_MOM,607,100172,10.7102
GOOGL_MOM,608,100162,-0
GOOGL_MOM,609,100162,-5.48773
GOOGL_MOM,610,100198,35.5143
GOOGL_MOM,611,100175,-22.3206
GOOGL_MOM,612,100178,2.51085
GOOGL_MOM,613,100178,-0.41645
GOOGL_MOM,614,100192,14.8188
GOOGL_MOM,615,100177,-0
GOOGL_MOM,616,100176,0.769993
GOOGL_MOM,617,100150,0
GOOGL_MOM,618,100150,-13.4559
GOOGL_MOM,619,100135,-0
GOOGL_MOM,620,100134,15.2375
GOOGL_MOM,621,100116,-18.7271
GOOGL_MOM,622,100094,0
GOOGL_MOM,623,100094,-14.6681
GOOGL_MOM,624,100077,0
GOOGL_MOM,625,100077,4.35242
GOOGL_MOM,626,100064,-13.2527
GOOGL_MOM,627,100061,-3.13359
GOOGL_MOM,628,100069,8.35672
GOOGL_MOM,629,100052,-16.8983
GOOGL_MOM,630,100058,0
GOOGL_MOM,631,100058,22.2613
GOOGL_MOM,632,100066,8.00846
GOOGL_MOM,633,100050,-16.1034
GOOGL_MOM,634,100025,-25.0545
GOOGL_MOM,635,100037,11.9867
GOOGL_MOM,636,100022,-14.4043
GOOGL_MOM,637,100010,-12.3864
GOOGL_MOM,638,100028,18.4991
GOOGL_MOM,639,100038,9.79166
GOOGL_MOM,640,100061,22.5606
GOOGL_MOM,641,100032,-28.4206
GOOGL_MOM,642,100027,-5.43133
GOOGL_MOM,643,100059,31.879
GOOGL_MOM,644,100068,9.50674
GOOGL_MOM,645,100064,-4.51684
GOOGL_MOM,646,100099,35.0479
GOOGL_MOM,647,100125,26.0058
GOOGL_MOM,648,100180,55.2702
GOOGL_MOM,649,100181,0.789331
GOOGL_MOM,650,100165,-16.0812
GOOGL_MOM,651,100165,-0.170323
GOOGL_MOM,652,100169,4.78237
GOOGL_MOM,653,100157,-12.6553
GOOGL_MOM,654,100189,32.5155
GOOGL_MOM,655,100187,-2.13647
GOOGL_MOM,656,100182,-5.31251
GOOGL_MOM,657,100166,-15.4515
GOOGL_MOM,658,100174,7.79613
GOOGL_MOM,659,100143,-30.966
GOOGL_MOM,660,100142,-1.17884
GOOGL_MOM,661,100111,-31.0722
GOOGL_MOM,662,100123,12.6311
GOOGL_MOM,663,100165,41.3008
GOOGL_MOM,664,100159,-5.70343
GOOGL_MOM,665,100153,-6.29365
GOOGL_MOM,666,100159,6.36298
GOOGL_MOM,667,100184,24.7237
GOOGL_MOM,668,100191,6.98029
GOOGL_MOM,669,100209,17.9103
GOOGL_MOM,670,100220,10.9091
GOOGL_MOM,671,100233,13.5392
GOOGL_MOM,672,100226,-7.56404
GOOGL_MOM,673,100215,-10.6869
GOOGL_MOM,674,100203,-11.7523
GOOGL_MOM,675,100193,-10.5083
GOOGL_MOM,676,100211,18.6297
GOOGL_MOM,677,100266,54.6157
GOOGL_MOM,678,100240,-25.5294
GOOGL_MOM,679,100228,-12.1392
GOOGL_MOM,680,100245,17.0994
GOOGL_MOM,681,100286,40.8916
GOOGL_MOM,682,100294,7.36356
GOOGL_MOM,683,100292,-1.35974
GOOGL_MOM,684,100325,32.3907
GOOGL_MOM,685,100335,10.4386
GOOGL_MOM,686,100318,-17.184
GOOGL_MOM,687,100295,-23.1699
GOOGL_MOM,688,100317,21.9156
GOOGL_MOM,689,100306,-10.9719
GOOGL_MOM,690,100329,23.2028
GOOGL_MOM,691,100320,-8.41288
GOOGL_MOM,692,100364,43.125
GOOGL_MOM,693,100403,39.4318
GOOGL_MOM,694,100402,-0.629339
GOOGL_MOM,695,100378,-24.4116
GOOGL_MOM,696,100403,24.9344
GOOGL_MOM,697,100375,-27.7024
GOOGL_MOM,698,100416,40.776
GOOGL_MOM,699,100462,45.5441
GOOGL_MOM,700,100439,-22.6064
GOOGL_MOM,701,100440,1.49646
GOOGL_MOM,702,100435,-5.31484
GOOGL_MOM,703,100420,-14.9349
GOOGL_MOM,704,100419,-1.56052
GOOGL_MOM,705,100445,26.7057
GOOGL_MOM,706,100457,11.5272
GOOGL_MOM,707,100484,27.6096
GOOGL_MOM,708,100457,-27.4926
GOOGL_MOM,709,100433,-23.4723
GOOGL_MOM,710,100409,-24.3893
GOOGL_MOM,711,100385,-23.9723
GOOGL_MOM,712,100411,26.03
GOOGL_MOM,713,100434,22.8041
GOOGL_MOM,714,100418,-16.1919
GOOGL_MOM,715,100383,-35.1575
GOOGL_MOM,716,100374,-8.88632
GOOGL_MOM,717,100379,5.2698
GOOGL_MOM,718,100380,0.969132
GOOGL_MOM,719,100402,21.735
GOOGL_MOM,720,100399,-2.9622
GOOGL_MOM,721,100428,29.338
GOOGL_MOM,722,100379,-0
GOOGL_MOM,723,100379,39.6929
GOOGL_MOM,724,100376,-2.78799
GOOGL_MOM,725,100365,-11.0303
GOOGL_MOM,726,100337,-28.3136
GOOGL_MOM,727,100392,55.7107
GOOGL_MOM,728,100391,-0
GOOGL_MOM,729,100391,29.9997
GOOGL_MOM,730,100391,-0.0893265
GOOGL_MOM,731,100401,10.9404
GOOGL_MOM,732,100410,8.97043
GOOGL_MOM,733,100422,11.9537
GOOGL_MOM,734,100440,17.3778
GOOGL_MOM,735,100434,-5.80889
GOOGL_MOM,736,100427,-6.76999
GOOGL_MOM,737,100481,53.4052
GOOGL_MOM,738,100450,-30.6213
GOOGL_MOM,739,100464,13.5445
GOOGL_MOM,740,100492,28.9083
GOOGL_MOM,741,100470,-21.9561
GOOGL_MOM,742,100481,10.0397
GOOGL_MOM,743,100492,11.9299
GOOGL_MOM,744,100489,-3.54147
GOOGL_MOM,745,100525,35.7347
GOOGL_MOM,746,100523,-2.03094
GOOGL_MOM,747,100509,-13.3904
GOOGL_MOM,748,100492,-17.3058
GOOGL_MOM,749,100496,4.26872
GOOGL_MOM,750,100479,-16.7192
GOOGL_MOM,751,100514,34.4635
GOOGL_MOM,752,100486,-28.3839
GOOGL_MOM,753,100466,-19.8856
GOOGL_MOM,754,100472,6.82466
GOOGL_MOM,755,100483,10.3022
GOOGL_MOM,756,100494,11.6996
GOOGL_MOM,757,100505,10.4376
GOOGL_MOM,758,100514,8.68324
GOOGL_MOM,759,100505,-8.49634
GOOGL_MOM,760,100526,21.0998
GOOGL_MOM,761,100535,8.65476
GOOGL_MOM,762,100529,-5.469
GOOGL_MOM,763,100515,-14.6875
GOOGL_MOM,764,100512,-2.41911
GOOGL_MOM,765,100495,-17.6615
GOOGL_MOM,766,100493,-1.41666
GOOGL_MOM,767,100492,-1.48404
GOOGL_MOM,768,100477,-14.4766
GOOGL_MOM,769,100456,0
GOOGL_MOM,770,100455,18.2445
GOOGL_MOM,771,100431,-23.9129
GOOGL_MOM,772,100472,40.9689
GOOGL_MOM,773,100461,-11.7684
GOOGL_MOM,774,100474,13.6854
GOOGL_MOM,775,100443,-31.6746
GOOGL_MOM,776,100419,-23.1425
GOOGL_MOM,777,100417,-2.13397
GOOGL_MOM,778,100445,27.5697
GOOGL_MOM,779,100480,34.6598
GOOGL_MOM,780,100512,32.0083
GOOGL_MOM,781,100548,36.5008
GOOGL_MOM,782,100585,37.1288
GOOGL_MOM,783,100632,46.9834
GOOGL_MOM,784,100665,32.5699
GOOGL_MOM,785,100709,44.0043
GOOGL_MOM,786,100722,12.8092
GOOGL_MOM,787,100745,23.2572
GOOGL_MOM,788,100742,-2.90288
GOOGL_MOM,789,100725,-16.5749
GOOGL_MOM,790,100724,-1.05872
GOOGL_MOM,791,100720,-4.02695
GOOGL_MOM,792,100715,-5.35061
GOOGL_MOM,793,100723,8.51652
GOOGL_MOM,794,100732,8.89728
GOOGL_MOM,795,100713,-19.065
GOOGL_MOM,796,100695,-18.5062
GOOGL_MOM,797,100665,-29.8705
GOOGL_MOM,798,100703,38.2516
GOOGL_MOM,799,100751,47.8749
GOOGL_MOM,800,100760,8.85667
GOOGL_MOM,801,100769,9.20403
GOOGL_MOM,802,100807,37.5823
GOOGL_MOM,803,100817,10.6864
GOOGL_MOM,804,100809,-8.13392
GOOGL_MOM,805,100708,-101.688
GOOGL_MOM,806,100671,-36.8816
GOOGL_MOM,807,100642,-28.2944
GOOGL_MOM,808,100658,15.3184
GOOGL_MOM,809,100647,-10.6388
GOOGL_MOM,810,100670,23.2596
GOOGL_MOM,811,100658,-12.201
GOOGL_MOM,812,100683,25.3771
GOOGL_MOM,813,100684,0.405822
GOOGL_MOM,814,100684,0
GOOGL_MOM,815,100684,39.9921
GOOGL_MOM,816,100725,41.4301
GOOGL_MOM,817,100708,-17.1354
GOOGL_MOM,818,100780,72.4569
GOOGL_MOM,819,100717,-63.1925
GOOGL_MOM,820,100673,-0
GOOGL_MOM,821,100673,21.1405
GOOGL_MOM,822,100720,47.4859
GOOGL_MOM,823,100750,30.207
GOOGL_MOM,824,100789,39.0814
GOOGL_MOM,825,100782,-7.92059
GOOGL_MOM,826,100795,13.1826
GOOGL_MOM,827,100762,-32.7726
GOOGL_MOM,828,100772,10.3372
GOOGL_MOM,829,100747,-24.7854
GOOGL_MOM,830,100701,-0
GOOGL_MOM,831,100700,9.8403
GOOGL_MOM,832,100687,-13.3495
GOOGL_MOM,833,100681,-5.42411
GOOGL_MOM,834,100695,-0
GOOGL_MOM,835,100694,10.4142
GOOGL_MOM,836,100697,2.14758
GOOGL_MOM,837,100655,-41.1711
GOOGL_MOM,838,100629,-26.1819
GOOGL_MOM,839,100630,0.577822
GOOGL_MOM,840,100621,-8.54154
GOOGL_MOM,841,100659,37.9025
GOOGL_MOM,842,100704,45.3444
GOOGL_MOM,843,100700,-4.65448
GOOGL_MOM,844,100679,-20.5603
GOOGL_MOM,845,100687,0
GOOGL_MOM,846,100687,62.2624
GOOGL_MOM,847,100640,-0
GOOGL_MOM,848,100639,29.4377
GOOGL_MOM,849,100673,33.3849
GOOGL_MOM,850,100701,28.0052
GOOGL_MOM,851,100709,7.81384
GOOGL_MOM,852,100694,-14.5329
GOOGL_MOM,853,100723,28.3409
GOOGL_MOM,854,100755,32.0683
GOOGL_MOM,855,100772,17.8248
GOOGL_MOM,856,100728,-44.6513
GOOGL_MOM,857,100687,-40.8968
GOOGL_MOM,858,100666,-21.0835
GOOGL_MOM,859,100676,9.90468
GOOGL_MOM,860,100678,2.10156
GOOGL_MOM,861,100651,-27.2412
GOOGL_MOM,862,100680,29.7703
GOOGL_MOM,863,100659,-21.1983
GOOGL_MOM,864,100660,0.438781
GOOGL_MOM,865,100701,41.1661
GOOGL_MOM,866,100707,5.97253
GOOGL_MOM,867,100665,-41.8511
GOOGL_MOM,868,100664,-1.22611
GOOGL_MOM,869,100699,35.6881
GOOGL_MOM,870,100709,9.48089
GOOGL_MOM,871,100688,-20.2806
GOOGL_MOM,872,100724,35.5982
GOOGL_MOM,873,100764,40.0481
GOOGL_MOM,874,100773,8.4665
GOOGL_MOM,875,100774,1.24459
GOOGL_MOM,876,100773,-1.27954
GOOGL_MOM,877,100773,0.778473
GOOGL_MOM,878,100792,18.2033
GOOGL_MOM,879,100787,-4.9066
GOOGL_MOM,880,100823,36.8489
GOOGL_MOM,881,100849,25.3096
GOOGL_MOM,882,100895,46.1216
GOOGL_MOM,883,100890,-4.98149
GOOGL_MOM,884,100904,13.8701
GOOGL_MOM,885,100913,9.5445
GOOGL_MOM,886,100914,0.899241
GOOGL_MOM,887,100923,8.82509
GOOGL_MOM,888,100899,-24.0566
GOOGL_MOM,889,100888,-10.5362
GOOGL_MOM,890,100905,16.738
GOOGL_MOM,891,100917,12.0414
GOOGL_MOM,892,100919,1.84541
GOOGL_MOM,893,100928,8.99565
GOOGL_MOM,894,100917,-11.3122
GOOGL_MOM,895,100915,-1.33169
GOOGL_MOM,896,100901,-14.4035
GOOGL_MOM,897,100928,26.994
GOOGL_MOM,898,100925,-3.14717
GOOGL_MOM,899,100860,-64.6816
GOOGL_MOM,900,100900,39.7766
GOOGL_MOM,901,100850,-49.6152
GOOGL_MOM,902,100901,50.2453
GOOGL_MOM,903,100904,3.14719
GOOGL_MOM,904,100996,92.1977
GOOGL_MOM,905,100996,0.133808
GOOGL_MOM,906,101014,18.3669
GOOGL_MOM,907,101000,-14.3012
GOOGL_MOM,908,100996,-4.24336
GOOGL_MOM,909,100973,-22.9518
GOOGL_MOM,910,100939,-33.9238
GOOGL_MOM,911,100968,28.9002
GOOGL_MOM,912,100947,-20.7558
GOOGL_MOM,913,100959,11.67
GOOGL_MOM,914,100950,-8.72785
GOOGL_MOM,915,100983,32.4614
GOOGL_MOM,916,101069,86.5727
GOOGL_MOM,917,101075,5.92397
GOOGL_MOM,918,101052,-23.4141
GOOGL_MOM,919,101071,19.7407
GOOGL_MOM,920,101073,1.78208
GOOGL_MOM,921,101096,23.2441
GOOGL_MOM,922,101136,40.0063
GOOGL_MOM,923,101092,-44.9504
GOOGL_MOM,924,101084,-7.07322
GOOGL_MOM,925,101061,-23.9415
GOOGL_MOM,926,101127,66.8588
GOOGL_MOM,927,101148,20.2648
GOOGL_MOM,928,101128,-19.3585
GOOGL_MOM,929,101157,29.0935
GOOGL_MOM,930,101100,-57.411
GOOGL_MOM,931,101053,-47.1173
GOOGL_MOM,932,101047,-5.75433
GOOGL_MOM,933,101077,29.835
GOOGL_MOM,934,101115,38.4864
GOOGL_MOM,935,101147,31.9458
GOOGL_MOM,936,101175,27.8529
GOOGL_MOM,937,101141,-34.0263
GOOGL_MOM,938,101165,24.1755
GOOGL_MOM,939,101168,3.06261
GOOGL_MOM,940,101140,-28.4239
GOOGL_MOM,941,101125,-14.8457
GOOGL_MOM,942,101151,25.4408
GOOGL_MOM,943,101196,45.2927
GOOGL_MOM,944,101218,22.6035
GOOGL_MOM,945,101172,-46.5778
GOOGL_MOM,946,101141,-31.122
GOOGL_MOM,947,101115,-25.9205
GOOGL_MOM,948,101131,16.4389
GOOGL_MOM,949,101155,23.2542
GOOGL_MOM,950,101162,7.48827
GOOGL_MOM,951,101148,-13.599
GOOGL_MOM,952,101193,44.2402
GOOGL_MOM,953,101182,-10.5998
GOOGL_MOM,954,101145,-37.5185
GOOGL_MOM,955,101149,4.71142
GOOGL_MOM,956,101156,6.42537
GOOGL_MOM,957,101189,33.1255
GOOGL_MOM,958,101201,11.7858
GOOGL_MOM,959,101200,-0.301831
GOOGL_MOM,960,101175,-25.0621
GOOGL_MOM,961,101121,-54.5485
GOOGL_MOM,962,101081,-39.5859
GOOGL_MOM,963,101071,-0
GOOGL_MOM,964,101071,-7.13995
GOOGL_MOM,965,101082,11.5689
GOOGL_MOM,966,101021,-61.4241
GOOGL_MOM,967,101002,-18.8563
GOOGL_MOM,968,101037,34.5134
GOOGL_MOM,969,101043,6.95712
GOOGL_MOM,970,101046,2.58034
GOOGL_MOM,971,101060,14.1211
GOOGL_MOM,972,101052,-8.43411
GOOGL_MOM,973,101067,15.5755
GOOGL_MOM,974,101121,53.4762
GOOGL_MOM,975,101095,-26.1159
GOOGL_MOM,976,101116,21.4128
GOOGL_MOM,977,101096,-19.611
GOOGL_MOM,978,101095,-1.31658
GOOGL_MOM,979,100996,-99.3834
GOOGL_MOM,980,100993,0
GOOGL_MOM,981,100993,28.7008
GOOGL_MOM,982,100996,3.34242
GOOGL_MOM,983,100976,-20.0221
GOOGL_MOM,984,101037,60.9013
GOOGL_MOM,985,101020,-17.0684
GOOGL_MOM,986,101050,30.2455
GOOGL_MOM,987,101006,-44.2584
GOOGL_MOM,988,100966,-39.4327
GOOGL_MOM,989,100983,16.6523
GOOGL_MOM,990,100956,0
GOOGL_MOM,991,100955,-19.9522
GOOGL_MOM,992,100929,-26.0986
GOOGL_MOM,993,100930,1.27712
GOOGL_MOM,994,100858,-0
GOOGL_MOM,995,100857,-76.5323
GOOGL_MOM,996,100874,16.608
GOOGL_MOM,997,100923,49.0264
GOOGL_MOM,998,100899,-24.1873
GOOGL_MOM,999,100876,0
MSFT_MOM,0,99999.9,-0
MSFT_MOM,1,100003,3.15881
MSFT_MOM,2,100014,11.1554
MSFT_MOM,3,100018,4.00516
MSFT_MOM,4,100018,-0.384698
MSFT_MOM,5,100011,-6.49793
MSFT_MOM,6,100013,1.61723
MSFT_MOM,7,100016,3.49791
MSFT_MOM,8,100021,4.99425
MSFT_MOM,9,100036,14.5896
MSFT_MOM,10,100038,2.2133
MSFT_MOM,11,100043,4.51642
MSFT_MOM,12,100038,-4.62345
MSFT_MOM,13,100041,2.78535
MSFT_MOM,14,100043,1.88862
MSFT_MOM,15,100048,5.04469
MSFT_MOM,16,100045,-3.07502
MSFT_MOM,17,100058,13.5961
MSFT_MOM,18,100063,4.77319
MSFT_MOM,19,100068,4.57512
MSFT_MOM,20,100083,14.8763
MSFT_MOM,21,100076,-7.01141
MSFT_MOM,22,100076,0.145968
MSFT_MOM,23,100076,-0.0923691
MSFT_MOM,24,100086,10.0229
MSFT_MOM,25,100084,-1.43993
MSFT_MOM,26,100077,-7.383
MSFT_MOM,27,100070,-6.33287
MSFT_MOM,28,100065,-5.05383
MSFT_MOM,29,100062,-3.28712
MSFT_MOM,30,100055,-6.73495
MSFT_MOM,31,100051,-3.9919
MSFT_MOM,32,100059,7.2586
MSFT_MOM,33,100055,-3.68954
MSFT_MOM,34,100060,4.96793
MSFT_MOM,35,100052,-7.59563
MSFT_MOM,36,100038,-13.8901
MSFT_MOM,37,100039,0.671422
MSFT_MOM,38,100035,0
MSFT_MOM,39,100035,4.15863
MSFT_MOM,40,100030,-4.67286
MSFT_MOM,41,100024,-0
MSFT_MOM,42,100024,3.59377
MSFT_MOM,43,100029,5.49892
MSFT_MOM,44,100033,3.97579
MSFT_MOM,45,100029,-4.4376
MSFT_MOM,46,100021,0
MSFT_MOM,47,100021,-8.8701
MSFT_MOM,48,100024,3.16102
MSFT_MOM,49,100029,4.86479
MSFT_MOM,50,100028,-0.814288
MSFT_MOM,51,100025,-3.58779
MSFT_MOM,52,100026,1.53121
MSFT_MOM,53,100016,-10.4107
MSFT_MOM,54,100015,-1.33492
MSFT_MOM,55,100015,0.886554
MSFT_MOM,56,100015,-0.736319
MSFT_MOM,57,100018,3.34452
MSFT_MOM,58,100007,-0
MSFT_MOM,59,100007,-7.9766
MSFT_MOM,60,99999.7,0
MSFT_MOM,61,99999.5,2.8892
MSFT_MOM,62,99998.8,-0.740641
MSFT_MOM,63,100001,1.7977
MSFT_MOM,64,100008,7.20486
MSFT_MOM,65,100028,20.5799
MSFT_MOM,66,100036,8.0331
MSFT_MOM,67,100034,-2.83243
MSFT_MOM,68,100029,-4.55063
MSFT_MOM,69,100027,-1.95092
MSFT_MOM,70,100019,-8.56583
MSFT_MOM,71,100017,-1.10253
MSFT_MOM,72,100007,-10.5638
MSFT_MOM,73,99996.2,-10.5919
MSFT_MOM,74,99994,-0
MSFT_MOM,75,99993.9,2.86669
MSFT_MOM,76,100006,12.2182
MSFT_MOM,77,100008,1.98414
MSFT_MOM,78,100015,7.32237
MSFT_MOM,79,100017,1.97712
MSFT_MOM,80,100015,-1.92999
MSFT_MOM,81,100014,-1.3989
MSFT_MOM,82,100021,6.71695
MSFT_MOM,83,100021,0.474163
MSFT_MOM,84,100021,0.250338
MSFT_MOM,85,100023,1.53324
MSFT_MOM,86,100033,9.77603
MSFT_MOM,87,100030,-2.89448
MSFT_MOM,88,100037,7.47149
MSFT_MOM,89,100039,1.61061
MSFT_MOM,90,100049,10.0797
MSFT_MOM,91,100056,6.5763
MSFT_MOM,92,100058,2.22343
MSFT_MOM,93,100055,-2.52318
MSFT_MOM,94,100052,-3.09758
MSFT_MOM,95,100044,-7.80488
MSFT_MOM,96,100059,14.3508
MSFT_MOM,97,100055,-3.40341
MSFT_MOM,98,100057,1.30404
MSFT_MOM,99,100054,-2.74544
MSFT_MOM,100,100050,-4.21407
MSFT_MOM,101,100047,-2.92717
MSFT_MOM,102,100049,2.06856
MSFT_MOM,103,100039,-10.0101
MSFT_MOM,104,100038,-1.30828
MSFT_MOM,105,100042,4.34884
MSFT_MOM,106,100046,3.6209
MSFT_MOM,107,100054,8.05317
MSFT_MOM,108,100054,0.0773679
MSFT_MOM,109,100060,6.53649
MSFT_MOM,110,100055,-5.63657
MSFT_MOM,111,100059,3.98061
MSFT_MOM,112,100058,-0.92246
MSFT_MOM,113,100057,-0.417856
MSFT_MOM,114,100054,-3.08497
MSFT_MOM,115,100053,-0.652623
MSFT_MOM,116,100051,-2.52577
MSFT_MOM,117,100050,-0.582675
MSFT_MOM,118,100054,3.72244
MSFT_MOM,119,100052,-1.74804
MSFT_MOM,120,100042,0
MSFT_MOM,121,100042,0.0700651
MSFT_MOM,122,100039,-2.7269
MSFT_MOM,123,100037,-2.1625
MSFT_MOM,124,100036,-0
MSFT_MOM,125,100036,-7.81356
MSFT_MOM,126,100028,-0
MSFT_MOM,127,100028,-1.75759
MSFT_MOM,128,100029,0.989421
MSFT_MOM,129,100030,1.50531
MSFT_MOM,130,100028,-2.23596
MSFT_MOM,131,100034,6.38933
MSFT_MOM,132,100032,-2.04322
MSFT_MOM,133,100034,1.39846
MSFT_MOM,134,100035,1.71684
MSFT_MOM,135,100030,-5.43538
MSFT_MOM,136,100033,3.1055
MSFT_MOM,137,100038,4.99557
MSFT_MOM,138,100032,-6.30472
MSFT_MOM,139,100031,-0.978822
MSFT_MOM,140,100029,-1.90123
MSFT_MOM,141,100020,0
MSFT_MOM,142,100020,-1.87037
MSFT_MOM,143,100029,9.15071
MSFT_MOM,144,100027,-1.51274
MSFT_MOM,145,100043,15.4239
MSFT_MOM,146,100043,-0.179575
MSFT_MOM,147,100043,0.0491823
MSFT_MOM,148,100048,5.10906
MSFT_MOM,149,100058,10.0832
MSFT_MOM,150,100062,3.8975
MSFT_MOM,151,100073,10.7015
MSFT_MOM,152,100073,-0.0111684
MSFT_MOM,153,100067,-5.21549
MSFT_MOM,154,100065,-2.22586
MSFT_MOM,155,100067,2.25484
MSFT_MOM,156,100075,8.11294
MSFT_MOM,157,100071,-4.52668
MSFT_MOM,158,100072,0.93646
MSFT_MOM,159,100083,10.6174
MSFT_MOM,160,100081,-1.62953
MSFT_MOM,161,100087,6.08992
MSFT_MOM,162,100078,-9.01382
MSFT_MOM,163,100075,-2.49971
MSFT_MOM,164,100064,-11.4328
MSFT_MOM,165,100064,-0.260262
MSFT_MOM,166,100062,-1.97684
MSFT_MOM,167,100065,2.89193
MSFT_MOM,168,100071,6.01165
MSFT_MOM,169,100061,-9.68962
MSFT_MOM,170,100071,10.4079
MSFT_MOM,171,100067,-4.6619
MSFT_MOM,172,100060,-6.57167
MSFT_MOM,173,100059,-0.870861
MSFT_MOM,174,100062,2.84604
MSFT_MOM,175,100065,2.4202
MSFT_MOM,176,100064,-0.562318
MSFT_MOM,177,100063,-0.969799
MSFT_MOM,178,100058,-5.00616
MSFT_MOM,179,100052,-0
MSFT_MOM,180,100052,0.840234
MSFT_MOM,181,100054,1.71336
MSFT_MOM,182,100049,-5.03489
MSFT_MOM,183,100045,-4.00633
MSFT_MOM,184,100053,7.7506
MSFT_MOM,185,100061,8.62104
MSFT_MOM,186,100056,-5.36574
MSFT_MOM,187,100042,-13.8375
MSFT_MOM,188,100023,-18.9858
MSFT_MOM,189,100021,0
MSFT_MOM,190,100021,-0.835384
MSFT_MOM,191,100017,0
MSFT_MOM,192,100017,0.729834
MSFT_MOM,193,100021,4.37411
MSFT_MOM,194,100016,-4.71922
MSFT_MOM,195,100022,5.45004
MSFT_MOM,196,100024,2.41453
MSFT_MOM,197,100029,4.65902
MSFT_MOM,198,100028,-0.530105
MSFT_MOM,199,100021,-7.68576
MSFT_MOM,200,100027,5.73544
MSFT_MOM,201,100023,-3.61147
MSFT_MOM,202,100022,-1.33606
MSFT_MOM,203,100029,7.63706
MSFT_MOM,204,100027,-2.44246
MSFT_MOM,205,100034,7.04635
MSFT_MOM,206,100031,-2.41356
MSFT_MOM,207,100033,1.29015
MSFT_MOM,208,100036,3.60997
MSFT_MOM,209,100036,0.0635105
MSFT_MOM,210,100040,3.21166
MSFT_MOM,211,100036,-3.22967
MSFT_MOM,212,100036,0.111555
MSFT_MOM,213,100041,4.26054
MSFT_MOM,214,100034,-7.14233
MSFT_MOM,215,100027,-6.97182
MSFT_MOM,216,100035,8.04189
MSFT_MOM,217,100026,-8.54761
MSFT_MOM,218,100021,-5.13804
MSFT_MOM,219,100034,13.0345
MSFT_MOM,220,100037,3.40436
MSFT_MOM,221,100042,4.83766
MSFT_MOM,222,100048,5.52094
MSFT_MOM,223,100033,-14.4023
MSFT_MOM,224,100028,-5.68967
MSFT_MOM,225,100021,-0
MSFT_MOM,226,100021,-0.0710736
MSFT_MOM,227,100017,-3.35
MSFT_MOM,228,100012,0
MSFT_MOM,229,100012,-0.921321
MSFT_MOM,230,100011,-0.559183
MSFT_MOM,231,100007,-4.36016
MSFT_MOM,232,100014,7.80522
MSFT_MOM,233,100012,-2.83015
MSFT_MOM,234,100010,-0
MSFT_MOM,235,100010,3.62739
MSFT_MOM,236,100011,1.45882
MSFT_MOM,237,100015,3.99725
MSFT_MOM,238,100012,-0
MSFT_MOM,239,100012,8.24909
MSFT_MOM,240,100016,3.58912
MSFT_MOM,241,100018,1.8108
MSFT_MOM,242,100018,0.937198
MSFT_MOM,243,100020,1.39339
MSFT_MOM,244,100022,2.63142
MSFT_MOM,245,100035,12.5993
MSFT_MOM,246,100025,-10.2103
MSFT_MOM,247,100023,-2.28206
MSFT_MOM,248,100023,0.847347
MSFT_MOM,249,100038,15.005
MSFT_MOM,250,100036,-2.1483
MSFT_MOM,251,100040,3.65512
MSFT_MOM,252,100032,-7.58298
MSFT_MOM,253,100019,-13.2925
MSFT_MOM,254,100012,-7.30282
MSFT_MOM,255,100009,-2.95903
MSFT_MOM,256,100002,-7.18761
MSFT_MOM,257,100010,7.97582
MSFT_MOM,258,100014,3.90671
MSFT_MOM,259,100014,0.327191
MSFT_MOM,260,100009,-4.90746
MSFT_MOM,261,100015,5.96414
MSFT_MOM,262,100019,4.14731
MSFT_MOM,263,100026,6.54244
MSFT_MOM,264,100029,3.7358
MSFT_MOM,265,100031,1.75568
MSFT_MOM,266,100027,-3.82954
MSFT_MOM,267,100035,7.38528
MSFT_MOM,268,100020,-14.6684
MSFT_MOM,269,100021,1.04033
MSFT_MOM,270,100022,1.49189
MSFT_MOM,271,100036,13.0204
MSFT_MOM,272,100029,-6.79036
MSFT_MOM,273,100040,10.789
MSFT_MOM,274,100037,-2.82194
MSFT_MOM,275,100039,1.81031
MSFT_MOM,276,100035,-3.78043
MSFT_MOM,277,100027,-7.71814
MSFT_MOM,278,100024,-0
MSFT_MOM,279,100024,7.36421
MSFT_MOM,280,100027,3.26575
MSFT_MOM,281,100032,5.22384
MSFT_MOM,282,100041,9.03368
MSFT_MOM,283,100044,2.4016
MSFT_MOM,284,100043,-0.301653
MSFT_MOM,285,100042,-1.11218
MSFT_MOM,286,100036,-6.45183
MSFT_MOM,287,100042,6.37334
MSFT_MOM,288,100035,-7.2201
MSFT_MOM,289,100042,6.94289
MSFT_MOM,290,100047,5.44555
MSFT_MOM,291,100049,2.00154
MSFT_MOM,292,100041,-8.50504
MSFT_MOM,293,100046,4.6706
MSFT_MOM,294,100035,-10.64
MSFT_MOM,295,100041,6.31093
MSFT_MOM,296,100045,3.44711
MSFT_MOM,297,100044,-0.447688
MSFT_MOM,298,100037,-7.512
MSFT_MOM,299,100027,-9.28951
MSFT_MOM,300,100030,2.32392
MSFT_MOM,301,100031,0.866745
MSFT_MOM,302,100032,0.838958
MSFT_MOM,303,100029,-2.64166
MSFT_MOM,304,100028,-1.09133
MSFT_MOM,305,100032,4.00073
MSFT_MOM,306,100027,-4.76149
MSFT_MOM,307,100024,-3.4321
MSFT_MOM,308,100016,0
MSFT_MOM,309,100016,-1.24886
MSFT_MOM,310,100020,4.12166
MSFT_MOM,311,100022,1.6757
MSFT_MOM,312,100025,2.99922
MSFT_MOM,313,100020,-5.2633
MSFT_MOM,314,100028,8.59963
MSFT_MOM,315,100025,-3.08204
MSFT_MOM,316,100015,-9.88372
MSFT_MOM,317,100020,5.16362
MSFT_MOM,318,100012,-7.98428
MSFT_MOM,319,100014,1.54704
MSFT_MOM,320,100022,8.40661
MSFT_MOM,321,100027,4.8966
MSFT_MOM,322,100028,0.76251
MSFT_MOM,323,100032,3.8753
MSFT_MOM,324,100028,-4.30822
MSFT_MOM,325,100033,5.87378
MSFT_MOM,326,100035,2.00215
MSFT_MOM,327,100046,10.7773
MSFT_MOM,328,100047,0.960276
MSFT_MOM,329,100042,-5.48702
MSFT_MOM,330,100047,4.88746
MSFT_MOM,331,100038,-8.91569
MSFT_MOM,332,100034,-3.73883
MSFT_MOM,333,100032,-2.15276
MSFT_MOM,334,100033,0.884525
MSFT_MOM,335,100031,-1.16108
MSFT_MOM,336,100025,-6.34518
MSFT_MOM,337,100028,2.49176
MSFT_MOM,338,100036,8.23766
MSFT_MOM,339,100034,-1.66475
MSFT_MOM,340,100029,-5.56002
MSFT_MOM,341,100021,-0
MSFT_MOM,342,100021,3.83262
MSFT_MOM,343,100019,-0
MSFT_MOM,344,100019,4.92972
MSFT_MOM,345,100024,5.80567
MSFT_MOM,346,100019,-5.25698
MSFT_MOM,347,100007,-12.0164
MSFT_MOM,348,99997.7,-0
MSFT_MOM,349,99997.6,-1.05197
MSFT_MOM,350,99981.7,-15.9409
MSFT_MOM,351,99976.6,0
MSFT_MOM,352,99976.4,3.44688
MSFT_MOM,353,99987.8,11.3957
MSFT_MOM,354,99999.1,11.2282
MSFT_MOM,355,100000,1.29983
MSFT_MOM,356,100012,11.607
MSFT_MOM,357,100013,1.0493
MSFT_MOM,358,100016,2.61623
MSFT_MOM,359,100013,-2.14169
MSFT_MOM,360,100014,0.326072
MSFT_MOM,361,100010,-3.93462
MSFT_MOM,362,100014,3.97277
MSFT_MOM,363,100007,-6.98511
MSFT_MOM,364,100005,-2.29689
MSFT_MOM,365,100001,-3.25736
MSFT_MOM,366,100004,2.79687
MSFT_MOM,367,100001,-2.67863
MSFT_MOM,368,100001,-0.68381
MSFT_MOM,369,100002,1.40103
MSFT_MOM,370,100016,13.5139
MSFT_MOM,371,100016,0.790536
MSFT_MOM,372,100025,8.18883
MSFT_MOM,373,100023,-1.29861
MSFT_MOM,374,100037,13.9191
MSFT_MOM,375,100032,-5.20522
MSFT_MOM,376,100025,-7.2168
MSFT_MOM,377,100027,2.51562
MSFT_MOM,378,100035,7.44305
MSFT_MOM,379,100034,-0.532971
MSFT_MOM,380,100028,-6.13489
MSFT_MOM,381,100031,2.41733
MSFT_MOM,382,100041,10.02
MSFT_MOM,383,100034,-6.9138
MSFT_MOM,384,100033,-0.774898
MSFT_MOM,385,100035,1.84172
MSFT_MOM,386,100035,0.284644
MSFT_MOM,387,100037,2.31946
MSFT_MOM,388,100039,1.72997
MSFT_MOM,389,100037,-1.95416
MSFT_MOM,390,100038,0.854356
MSFT_MOM,391,100042,3.92318
MSFT_MOM,392,100057,15.5927
MSFT_MOM,393,100056,-1.89759
MSFT_MOM,394,100051,-4.98181
MSFT_MOM,395,100058,7.24715
MSFT_MOM,396,100059,0.88996
MSFT_MOM,397,100070,11.2261
MSFT_MOM,398,100059,-11.305
MSFT_MOM,399,100061,2.50734
MSFT_MOM,400,100055,-5.86535
MSFT_MOM,401,100050,-5.08238
MSFT_MOM,402,100065,14.8922
MSFT_MOM,403,100072,7.28662
MSFT_MOM,404,100074,1.79372
MSFT_MOM,405,100084,9.79425
MSFT_MOM,406,100081,-2.7744
MSFT_MOM,407,100079,-1.90607
MSFT_MOM,408,100075,-4.72489
MSFT_MOM,409,100084,8.97189
MSFT_MOM,410,100084,0.504461
MSFT_MOM,411,100081,-2.65892
MSFT_MOM,412,100077,-4.81775
MSFT_MOM,413,100075,-1.57338
MSFT_MOM,414,100067,-8.06467
MSFT_MOM,415,100069,2.11375
MSFT_MOM,416,100065,-4.03743
MSFT_MOM,417,100075,9.93129
MSFT_MOM,418,100068,-7.22543
MSFT_MOM,419,100078,10.6151
MSFT_MOM,420,100083,5.0636
MSFT_MOM,421,100082,-1.70022
MSFT_MOM,422,100088,5.85689
MSFT_MOM,423,100091,3.29527
MSFT_MOM,424,100092,1.29699
MSFT_MOM,425,100085,-7.54151
MSFT_MOM,426,100076,-8.18435
MSFT_MOM,427,100082,5.32864
MSFT_MOM,428,100077,-4.71683
MSFT_MOM,429,100077,0.324304
MSFT_MOM,430,100080,2.84247
MSFT_MOM,431,100076,-3.99937
MSFT_MOM,432,100081,4.30216
MSFT_MOM,433,100080,-0.354028
MSFT_MOM,434,100072,-0
MSFT_MOM,435,100072,15.0485
MSFT_MOM,436,100066,-5.96783
MSFT_MOM,437,100075,9.5706
MSFT_MOM,438,100086,10.6818
MSFT_MOM,439,100081,-5.01406
MSFT_MOM,440,100072,-9.41151
MSFT_MOM,441,100068,-3.24672
MSFT_MOM,442,100082,13.9275
MSFT_MOM,443,100093,10.9915
MSFT_MOM,444,100091,-2.1124
MSFT_MOM,445,100094,2.68055
MSFT_MOM,446,100101,6.9194
MSFT_MOM,447,100101,0.317491
MSFT_MOM,448,100102,1.40564
MSFT_MOM,449,100099,-3.18956
MSFT_MOM,450,100100,1.01333
MSFT_MOM,451,100095,-5.02687
MSFT_MOM,452,100103,8.01773
MSFT_MOM,453,100105,2.15131
MSFT_MOM,454,100111,5.71435
MSFT_MOM,455,100106,-4.68499
MSFT_MOM,456,100118,11.6345
MSFT_MOM,457,100112,-6.37722
MSFT_MOM,458,100113,1.27501
MSFT_MOM,459,100131,17.6487
MSFT_MOM,460,100121,-9.46392
MSFT_MOM,461,100122,0.370147
MSFT_MOM,462,100119,-2.52668
MSFT_MOM,463,100115,-4.43313
MSFT_MOM,464,100115,0.799188
MSFT_MOM,465,100123,8.07158
MSFT_MOM,466,100129,5.74198
MSFT_MOM,467,100123,-6.14395
MSFT_MOM,468,100132,9.07329
MSFT_MOM,469,100122,-9.65875
MSFT_MOM,470,100120,-2.74681
MSFT_MOM,471,100122,2.47602
MSFT_MOM,472,100120,-2.15449
MSFT_MOM,473,100119,-1.14053
MSFT_MOM,474,100132,12.7133
MSFT_MOM,475,100136,4.1987
MSFT_MOM,476,100126,-9.418
MSFT_MOM,477,100130,3.86324
MSFT_MOM,478,100129,-1.59578
MSFT_MOM,479,100127,-1.18031
MSFT_MOM,480,100123,-4.06378
MSFT_MOM,481,100111,-12.1236
MSFT_MOM,482,100112,0.989858
MSFT_MOM,483,100110,-0
MSFT_MOM,484,100110,3.43959
MSFT_MOM,485,100101,-0
MSFT_MOM,486,100100,0.252291
MSFT_MOM,487,100089,0
MSFT_MOM,488,100089,6.16181
MSFT_MOM,489,100091,1.80925
MSFT_MOM,490,100097,6.3368
MSFT_MOM,491,100095,-1.65085
MSFT_MOM,492,100088,-6.88594
MSFT_MOM,493,100094,5.91293
MSFT_MOM,494,100090,-4.01588
MSFT_MOM,495,100087,-2.98722
MSFT_MOM,496,100084,-3.24237
MSFT_MOM,497,100076,-8.34458
MSFT_MOM,498,100072,0
MSFT_MOM,499,100072,4.76407
MSFT_MOM,500,100072,-0.421431
MSFT_MOM,501,100071,-0.530999
MSFT_MOM,502,100068,-2.85367
MSFT_MOM,503,100075,7.07977
MSFT_MOM,504,100073,-0
MSFT_MOM,505,100073,6.32344
MSFT_MOM,506,100070,-3.22333
MSFT_MOM,507,100072,2.18648
MSFT_MOM,508,100076,3.93098
MSFT_MOM,509,100066,0
MSFT_MOM,510,100066,-3.62105
MSFT_MOM,511,100060,-6.00764
MSFT_MOM,512,100060,0.244372
MSFT_MOM,513,100053,-7.55688
MSFT_MOM,514,100055,2.80306
MSFT_MOM,515,100044,-11.1542
MSFT_MOM,516,100051,0
MSFT_MOM,517,100050,16.2585
MSFT_MOM,518,100042,-8.78199
MSFT_MOM,519,100035,0
MSFT_MOM,520,100035,-7.04318
MSFT_MOM,521,100040,5.87408
MSFT_MOM,522,100035,-5.90465
MSFT_MOM,523,100031,-0
MSFT_MOM,524,100031,9.07464
MSFT_MOM,525,100030,-0
MSFT_MOM,526,100030,-4.33741
MSFT_MOM,527,100032,2.55424
MSFT_MOM,528,100038,5.42771
MSFT_MOM,529,100040,1.98087
MSFT_MOM,530,100028,-11.388
MSFT_MOM,531,100016,0
MSFT_MOM,532,100016,11.441
MSFT_MOM,533,100021,5.10228
MSFT_MOM,534,100028,6.85842
MSFT_MOM,535,100012,-15.6034
MSFT_MOM,536,100025,12.4848
MSFT_MOM,537,100037,11.6826
MSFT_MOM,538,100034,-2.67763
MSFT_MOM,539,100033,-0.621325
MSFT_MOM,540,100019,-14.3176
MSFT_MOM,541,100026,6.8355
MSFT_MOM,542,100024,-2.23448
MSFT_MOM,543,100024,0.282397
MSFT_MOM,544,100018,-6.12608
MSFT_MOM,545,100008,-9.8941
MSFT_MOM,546,100017,8.73105
MSFT_MOM,547,100015,-1.68618
MSFT_MOM,548,100018,3.02857
MSFT_MOM,549,100009,-8.83139
MSFT_MOM,550,100021,11.6055
MSFT_MOM,551,100023,2.84971
MSFT_MOM,552,100017,-6.90134
MSFT_MOM,553,100020,3.32251
MSFT_MOM,554,100028,7.86788
MSFT_MOM,555,100023,-5.25355
MSFT_MOM,556,100024,1.17874
MSFT_MOM,557,100030,6.11417
MSFT_MOM,558,100031,1.5748
MSFT_MOM,559,100022,-9.11298
MSFT_MOM,560,100028,5.64358
MSFT_MOM,561,100026,-1.88891
MSFT_MOM,562,100012,-0
MSFT_MOM,563,100012,-1.62822
MSFT_MOM,564,100021,9.0912
MSFT_MOM,565,100021,-0.479992
MSFT_MOM,566,100016,-5.0073
MSFT_MOM,567,100026,9.73978
MSFT_MOM,568,100021,-4.44178
MSFT_MOM,569,100020,-1.29435
MSFT_MOM,570,100014,-5.54979
MSFT_MOM,571,100020,5.39819
MSFT_MOM,572,100012,-7.79166
MSFT_MOM,573,100006,0
MSFT_MOM,574,100006,9.6841
MSFT_MOM,575,100010,4.28229
MSFT_MOM,576,100015,5.0109
MSFT_MOM,577,100018,2.79677
MSFT_MOM,578,100018,-0.707201
MSFT_MOM,579,100029,11.8809
MSFT_MOM,580,100021,-8.14083
MSFT_MOM,581,100026,4.47025
MSFT_MOM,582,100025,-0.693502
MSFT_MOM,583,100018,-6.88634
MSFT_MOM,584,100021,3.2974
MSFT_MOM,585,100023,1.18098
MSFT_MOM,586,100036,13.6269
MSFT_MOM,587,100032,-4.26487
MSFT_MOM,588,100028,-4.28296
MSFT_MOM,589,100034,5.82758
MSFT_MOM,590,100030,-3.39588
MSFT_MOM,591,100034,3.7958
MSFT_MOM,592,100035,1.56096
MSFT_MOM,593,100037,1.84076
MSFT_MOM,594,100048,11.0317
MSFT_MOM,595,100041,-7.40453
MSFT_MOM,596,100033,-7.7896
MSFT_MOM,597,100033,-0.0516701
MSFT_MOM,598,100037,3.90985
MSFT_MOM,599,100036,-0.847792
MSFT_MOM,600,100034,-2.60677
MSFT_MOM,601,100046,11.9722
MSFT_MOM,602,100040,-5.72163
MSFT_MOM,603,100029,-11.0677
MSFT_MOM,604,100022,-6.25459
MSFT_MOM,605,100021,-1.89854
MSFT_MOM,606,100025,4.18181
MSFT_MOM,607,100029,3.85745
MSFT_MOM,608,100025,-0
MSFT_MOM,609,100025,-2.1595
MSFT_MOM,610,100038,13.0849
MSFT_MOM,611,100030,-8.33452
MSFT_MOM,612,100030,0.807603
MSFT_MOM,613,100030,-0.276427
MSFT_MOM,614,100035,5.36103
MSFT_MOM,615,100029,-0
MSFT_MOM,616,100029,0.407189
MSFT_MOM,617,100020,0
MSFT_MOM,618,100019,5.06421
MSFT_MOM,619,100025,5.69553
MSFT_MOM,620,100031,5.7646
MSFT_MOM,621,100024,-6.84487
MSFT_MOM,622,100016,-7.67939
MSFT_MOM,623,100011,-5.26729
MSFT_MOM,624,100005,0
MSFT_MOM,625,100005,1.46042
MSFT_MOM,626,100000,-4.94223
MSFT_MOM,627,99998.7,-1.26728
MSFT_MOM,628,100002,2.92857
MSFT_MOM,629,99995.3,-6.27995
MSFT_MOM,630,99997.2,0
MSFT_MOM,631,99997.1,8.01102
MSFT_MOM,632,99999.8,2.78278
MSFT_MOM,633,99993.9,-5.95587
MSFT_MOM,634,99984.6,-9.23859
MSFT_MOM,635,99988.9,4.26974
MSFT_MOM,636,99983.5,-5.38297
MSFT_MOM,637,99978.9,-4.66459
MSFT_MOM,638,99985.6,6.6851
MSFT_MOM,639,99989,3.45998
MSFT_MOM,640,99997.1,8.10754
MSFT_MOM,641,99986.7,-10.424
MSFT_MOM,642,99984.6,-2.10796
MSFT_MOM,643,99996.1,11.5439
MSFT_MOM,644,99999.5,3.32232
MSFT_MOM,645,99997.7,-1.75733
MSFT_MOM,646,100010,12.5607
MSFT_MOM,647,100019,9.19177
MSFT_MOM,648,100039,19.529
MSFT_MOM,649,100039,0.147985
MSFT_MOM,650,100033,-5.75888
MSFT_MOM,651,100033,-0.187795
MSFT_MOM,652,100035,1.55367
MSFT_MOM,653,100030,-4.57157
MSFT_MOM,654,100041,11.328
MSFT_MOM,655,100041,-0.874706
MSFT_MOM,656,100039,-1.98449
MSFT_MOM,657,100033,-5.53348
MSFT_MOM,658,100036,2.61057
MSFT_MOM,659,100025,-10.9809
MSFT_MOM,660,100024,-0.543709
MSFT_MOM,661,100013,-11.1122
MSFT_MOM,662,100017,4.37856
MSFT_MOM,663,100032,14.5483
MSFT_MOM,664,100030,-2.13105
MSFT_MOM,665,100028,-2.34141
MSFT_MOM,666,100030,2.11459
MSFT_MOM,667,100038,8.5674
MSFT_MOM,668,100041,2.30971
MSFT_MOM,669,100047,6.11469
MSFT_MOM,670,100050,3.65489
MSFT_MOM,671,100055,4.5527
MSFT_MOM,672,100052,-2.73631
MSFT_MOM,673,100048,-3.81908
MSFT_MOM,674,100044,-4.1977
MSFT_MOM,675,100040,-3.77776
MSFT_MOM,676,100047,6.35794
MSFT_MOM,677,100065,18.7902
MSFT_MOM,678,100057,-8.84811
MSFT_MOM,679,100052,-4.30267
MSFT_MOM,680,100058,5.76589
MSFT_MOM,681,100072,13.9037
MSFT_MOM,682,100074,2.36855
MSFT_MOM,683,100074,-0.592785
MSFT_MOM,684,100085,10.8472
MSFT_MOM,685,100088,3.37594
MSFT_MOM,686,100082,-5.8941
MSFT_MOM,687,100074,-7.93326
MSFT_MOM,688,100081,7.28935
MSFT_MOM,689,100078,-3.82713
MSFT_MOM,690,100085,7.70151
MSFT_MOM,691,100082,-2.9566
MSFT_MOM,692,100097,14.37
MSFT_MOM,693,100110,12.9836
MSFT_MOM,694,100109,-0.342873
MSFT_MOM,695,100101,-8.17831
MSFT_MOM,696,100109,8.12888
MSFT_MOM,697,100100,-9.25986
MSFT_MOM,698,100113,13.3862
MSFT_MOM,699,100128,14.8156
MSFT_MOM,700,100121,-7.47818
MSFT_MOM,701,100121,0.351863
MSFT_MOM,702,100119,-1.87087
MSFT_MOM,703,100114,-5.01537
MSFT_MOM,704,100114,-0.64756
MSFT_MOM,705,100122,8.62111
MSFT_MOM,706,100126,3.61867
MSFT_MOM,707,100135,8.83236
MSFT_MOM,708,100126,-9.01099
MSFT_MOM,709,100118,-7.76114
MSFT_MOM,710,100110,-8.10195
MSFT_MOM,711,100102,-8.01043
MSFT_MOM,712,100110,8.4655
MSFT_MOM,713,100118,7.35058
MSFT_MOM,714,100112,-5.4223
MSFT_MOM,715,100101,-11.6569
MSFT_MOM,716,100097,-3.07151
MSFT_MOM,717,100099,1.61097
MSFT_MOM,718,100099,0.186042
MSFT_MOM,719,100106,7.05138
MSFT_MOM,720,100105,-1.10926
MSFT_MOM,721,100115,9.51818
MSFT_MOM,722,100098,-0
MSFT_MOM,723,100098,12.9869
MSFT_MOM,724,100097,-1.04845
MSFT_MOM,725,100093,-0
MSFT_MOM,726,100093,9.43362
MSFT_MOM,727,100075,0
MSFT_MOM,728,100074,0.487085
MSFT_MOM,729,100084,9.92404
MSFT_MOM,730,100084,0.105739
MSFT_MOM,731,100088,3.72983
MSFT_MOM,732,100091,3.08977
MSFT_MOM,733,100095,4.0805
MSFT_MOM,734,100101,5.88701
MSFT_MOM,735,100099,-1.7978
MSFT_MOM,736,100097,-2.11367
MSFT_MOM,737,100115,17.8298
MSFT_MOM,738,100105,-10.1513
MSFT_MOM,739,100110,4.64623
MSFT_MOM,740,100119,9.79711
MSFT_MOM,741,100112,-7.26229
MSFT_MOM,742,100116,3.49411
MSFT_MOM,743,100120,4.13652
MSFT_MOM,744,100119,-1.06074
MSFT_MOM,745,100131,12.1502
MSFT_MOM,746,100130,-0.558904
MSFT_MOM,747,100126,-4.41163
MSFT_MOM,748,100120,-5.71844
MSFT_MOM,749,100122,1.5678
MSFT_MOM,750,100116,-5.49977
MSFT_MOM,751,100128,11.6889
MSFT_MOM,752,100118,-9.47146
MSFT_MOM,753,100112,-6.54621
MSFT_MOM,754,100114,2.41242
MSFT_MOM,755,100118,3.57961
MSFT_MOM,756,100122,4.05677
MSFT_MOM,757,100126,3.64313
MSFT_MOM,758,100129,3.06005
MSFT_MOM,759,100126,-2.74153
MSFT_MOM,760,100133,7.2474
MSFT_MOM,761,100136,3.065
MSFT_MOM,762,100135,-1.72863
MSFT_MOM,763,100130,-4.85357
MSFT_MOM,764,100129,-0.68707
MSFT_MOM,765,100123,-5.8344
MSFT_MOM,766,100123,-0.345041
MSFT_MOM,767,100122,-0.367429
MSFT_MOM,768,100118,-4.73089
MSFT_MOM,769,100111,0
MSFT_MOM,770,100110,5.93874
MSFT_MOM,771,100102,-8.05357
MSFT_MOM,772,100116,13.518
MSFT_MOM,773,100112,-4.01463
MSFT_MOM,774,100116,4.39277
MSFT_MOM,775,100106,-10.5725
MSFT_MOM,776,100098,-7.81928
MSFT_MOM,777,100097,-0.844671
MSFT_MOM,778,100106,9.08232
MSFT_MOM,779,100117,11.37
MSFT_MOM,780,100128,10.3972
MSFT_MOM,781,100140,11.78
MSFT_MOM,782,100151,11.8774
MSFT_MOM,783,100166,14.9312
MSFT_MOM,784,100177,10.1938
MSFT_MOM,785,100190,13.7163
MSFT_MOM,786,100194,3.85266
MSFT_MOM,787,100201,7.08867
MSFT_MOM,788,100200,-1.03992
MSFT_MOM,789,100195,-5.27089
MSFT_MOM,790,100194,-0.470271
MSFT_MOM,791,100193,-1.39212
MSFT_MOM,792,100191,-1.80437
MSFT_MOM,793,100194,2.50878
MSFT_MOM,794,100196,2.62155
MSFT_MOM,795,100190,-6.04994
MSFT_MOM,796,100184,-5.89972
MSFT_MOM,797,100175,-9.47274
MSFT_MOM,798,100187,11.8905
MSFT_MOM,799,100202,14.7867
MSFT_MOM,800,100204,2.59037
MSFT_MOM,801,100207,2.69156
MSFT_MOM,802,100218,11.4051
MSFT_MOM,803,100221,3.11327
MSFT_MOM,804,100219,-2.61747
MSFT_MOM,805,100188,-31.1147
MSFT_MOM,806,100176,-11.6251
MSFT_MOM,807,100167,-9.02221
MSFT_MOM,808,100172,4.70077
MSFT_MOM,809,100168,-3.48828
MSFT_MOM,810,100175,7.20025
MSFT_MOM,811,100171,-3.96883
MSFT_MOM,812,100179,7.84656
MSFT_MOM,813,100179,-0.0129828
MSFT_MOM,814,100179,-0
MSFT_MOM,815,100179,-12.3677
MSFT_MOM,816,100166,0
MSFT_MOM,817,100166,5.40605
MSFT_MOM,818,100143,0
MSFT_MOM,819,100143,-19.3265
MSFT_MOM,820,100129,-0
MSFT_MOM,821,100129,6.42576
MSFT_MOM,822,100144,14.5388
MSFT_MOM,823,100153,9.09977
MSFT_MOM,824,100165,11.7367
MSFT_MOM,825,100162,-2.53303
MSFT_MOM,826,100166,3.8359
MSFT_MOM,827,100156,-10.0132
MSFT_MOM,828,100159,2.98958
MSFT_MOM,829,100151,-7.64118
MSFT_MOM,830,100137,-0
MSFT_MOM,831,100136,3.16368
MSFT_MOM,832,100133,-3.96533
MSFT_MOM,833,100131,-1.52154
MSFT_MOM,834,100135,-0
MSFT_MOM,835,100135,3.05753
MSFT_MOM,836,100135,0.515901
MSFT_MOM,837,100123,-12.7548
MSFT_MOM,838,100114,-8.23319
MSFT_MOM,839,100114,0.0392942
MSFT_MOM,840,100112,-2.79469
MSFT_MOM,841,100123,11.6598
MSFT_MOM,842,100137,13.8571
MSFT_MOM,843,100136,-1.56536
MSFT_MOM,844,100129,-6.43292
MSFT_MOM,845,100131,0
MSFT_MOM,846,100131,18.9549
MSFT_MOM,847,100117,-0
MSFT_MOM,848,100116,8.85542
MSFT_MOM,849,100126,9.99641
MSFT_MOM,850,100135,8.30132
MSFT_MOM,851,100137,2.1974
MSFT_MOM,852,100132,-4.495
MSFT_MOM,853,100141,8.36183
MSFT_MOM,854,100150,9.42305
MSFT_MOM,855,100155,5.13701
MSFT_MOM,856,100142,-13.3345
MSFT_MOM,857,100130,-12.3333
MSFT_MOM,858,100123,-6.48034
MSFT_MOM,859,100126,2.84517
MSFT_MOM,860,100127,0.488531
MSFT_MOM,861,100118,-8.34355
MSFT_MOM,862,100127,8.86736
MSFT_MOM,863,100121,-6.52037
MSFT_MOM,864,100121,-0.0112433
MSFT_MOM,865,100133,12.2895
MSFT_MOM,866,100135,1.64333
MSFT_MOM,867,100122,-12.66
MSFT_MOM,868,100121,-0.513744
MSFT_MOM,869,100132,10.6222
MSFT_MOM,870,100135,2.69381
MSFT_MOM,871,100128,-6.20512
MSFT_MOM,872,100139,10.536
MSFT_MOM,873,100151,11.7814
MSFT_MOM,874,100153,2.35409
MSFT_MOM,875,100153,0.219932
MSFT_MOM,876,100153,-0.524218
MSFT_MOM,877,100153,0.082479
MSFT_MOM,878,100158,5.21793
MSFT_MOM,879,100157,-1.58826
MSFT_MOM,880,100167,10.682
MSFT_MOM,881,100174,7.23508
MSFT_MOM,882,100188,13.2382
MSFT_MOM,883,100186,-1.58356
MSFT_MOM,884,100190,3.84316
MSFT_MOM,885,100193,2.5898
MSFT_MOM,886,100193,0.106721
MSFT_MOM,887,100195,2.37744
MSFT_MOM,888,100188,-7.03141
MSFT_MOM,889,100185,-3.1774
MSFT_MOM,890,100189,4.66756
MSFT_MOM,891,100193,3.30387
MSFT_MOM,892,100193,0.377155
MSFT_MOM,893,100196,2.42239
MSFT_MOM,894,100192,-3.38164
MSFT_MOM,895,100192,-0.532012
MSFT_MOM,896,100187,-4.27302
MSFT_MOM,897,100195,7.59538
MSFT_MOM,898,100194,-1.04961
MSFT_MOM,899,100175,-18.624
MSFT_MOM,900,100187,11.352
MSFT_MOM,901,100172,-14.3862
MSFT_MOM,902,100187,14.4052
MSFT_MOM,903,100187,0.752398
MSFT_MOM,904,100214,26.2788
MSFT_MOM,905,100214,-0.115402
MSFT_MOM,906,100219,5.02145
MSFT_MOM,907,100214,-4.16877
MSFT_MOM,908,100213,-1.34755
MSFT_MOM,909,100206,-6.61762
MSFT_MOM,910,100197,-9.74706
MSFT_MOM,911,100205,8.07373
MSFT_MOM,912,100199,-6.02709
MSFT_MOM,913,100202,3.16408
MSFT_MOM,914,100199,-2.62604
MSFT_MOM,915,100208,9.06438
MSFT_MOM,916,100233,24.2761
MSFT_MOM,917,100234,1.4905
MSFT_MOM,918,100228,-6.65135
MSFT_MOM,919,100233,5.34512
MSFT_MOM,920,100233,0.33965
MSFT_MOM,921,100239,6.29434
MSFT_MOM,922,100250,10.8977
MSFT_MOM,923,100238,-12.488
MSFT_MOM,924,100236,-2.11122
MSFT_MOM,925,100229,-6.78267
MSFT_MOM,926,100247,18.4307
MSFT_MOM,927,100253,5.41002
MSFT_MOM,928,100247,-5.45527
MSFT_MOM,929,100255,7.83241
MSFT_MOM,930,100239,-15.8407
MSFT_MOM,931,100226,-13.1568
MSFT_MOM,932,100224,-1.75547
MSFT_MOM,933,100233,8.15507
MSFT_MOM,934,100243,10.5055
MSFT_MOM,935,100252,8.63186
MSFT_MOM,936,100259,7.46167
MSFT_MOM,937,100250,-9.41915
MSFT_MOM,938,100256,6.46197
MSFT_MOM,939,100257,0.677516
MSFT_MOM,940,100249,-7.90099
MSFT_MOM,941,100245,-4.22076
MSFT_MOM,942,100252,6.82585
MSFT_MOM,943,100264,12.2171
MSFT_MOM,944,100270,5.96861
MSFT_MOM,945,100257,-12.734
MSFT_MOM,946,100248,-8.62667
MSFT_MOM,947,100241,-7.24796
MSFT_MOM,948,100246,4.36162
MSFT_MOM,949,100252,6.21502
MSFT_MOM,950,100254,1.88626
MSFT_MOM,951,100250,-0
MSFT_MOM,952,100249,11.9247
MSFT_MOM,953,100246,-3.03032
MSFT_MOM,954,100236,-10.3422
MSFT_MOM,955,100237,1.13061
MSFT_MOM,956,100239,0
MSFT_MOM,957,100238,8.87384
MSFT_MOM,958,100241,3.0367
MSFT_MOM,959,100241,-0.23967
MSFT_MOM,960,100234,-6.93618
MSFT_MOM,961,100219,-14.9726
MSFT_MOM,962,100208,-0
MSFT_MOM,963,100208,2.81395
MSFT_MOM,964,100206,-1.82001
MSFT_MOM,965,100209,3.34941
MSFT_MOM,966,100192,-16.8417
MSFT_MOM,967,100187,-5.0048
MSFT_MOM,968,100197,9.57046
MSFT_MOM,969,100199,2.06452
MSFT_MOM,970,100200,0.864142
MSFT_MOM,971,100204,4.03576
MSFT_MOM,972,100202,-2.16851
MSFT_MOM,973,100206,4.43872
MSFT_MOM,974,100221,14.9014
MSFT_MOM,975,100214,-7.11804
MSFT_MOM,976,100220,6.08688
MSFT_MOM,977,100215,-5.30119
MSFT_MOM,978,100215,-0.211116
MSFT_MOM,979,100187,-27.378
MSFT_MOM,980,100187,-0.458581
MSFT_MOM,981,100195,7.96533
MSFT_MOM,982,100196,1.06962
MSFT_MOM,983,100190,-5.32146
MSFT_MOM,984,100207,16.756
MSFT_MOM,985,100203,-4.54788
MSFT_MOM,986,100211,8.46159
MSFT_MOM,987,100199,-12.0657
MSFT_MOM,988,100188,-10.6461
MSFT_MOM,989,100193,4.686
MSFT_MOM,990,100186,0
MSFT_MOM,991,100185,-5.57306
MSFT_MOM,992,100178,-7.26504
MSFT_MOM,993,100178,0.194097
MSFT_MOM,994,100158,-0
MSFT_MOM,995,100158,-21.0515
MSFT_MOM,996,100163,4.6947
MSFT_MOM,997,100176,13.5927
MSFT_MOM,998,100170,-6.53369
MSFT_MOM,999,100164,-6.00583
